IP地址,端口,回源端口,TLS,数据中心,地区,国家,城市,TCP延迟(ms)
35.219.50.99,443,443,True,CGK,Asia Pacific,ID,Jakarta,381
125.137.67.122,12390,443,True,FUK,Asia Pacific,JP,Fukuoka,52
220.92.164.16,21935,443,True,FUK,Asia Pacific,JP,Fukuoka,55
210.96.92.11,12438,443,True,FUK,Asia Pacific,JP,Fukuoka,56
59.25.136.47,12289,443,True,FUK,Asia Pacific,JP,Fukuoka,56
112.187.59.195,30468,443,True,FUK,Asia Pacific,JP,Fukuoka,57
222.104.82.211,12243,443,True,FUK,Asia Pacific,JP,Fukuoka,58
112.185.36.80,12539,443,True,FUK,Asia Pacific,JP,Fukuoka,58
211.194.205.58,12576,443,True,FUK,Asia Pacific,JP,Fukuoka,58
112.185.162.7,16077,443,True,FUK,Asia Pacific,JP,Fukuoka,58
112.165.41.122,16071,443,True,FUK,Asia Pacific,JP,Fukuoka,59
222.102.109.171,12156,443,True,FUK,Asia Pacific,JP,Fukuoka,59
112.187.59.195,10081,443,True,FUK,Asia Pacific,JP,Fukuoka,60
59.26.79.94,30120,443,True,FUK,Asia Pacific,JP,Fukuoka,60
112.185.162.7,18018,443,True,FUK,Asia Pacific,JP,Fukuoka,60
125.135.123.97,12432,8443,True,FUK,Asia Pacific,JP,Fukuoka,60
222.104.23.36,12189,443,True,FUK,Asia Pacific,JP,Fukuoka,61
222.104.209.76,12490,80,False,FUK,Asia Pacific,JP,Fukuoka,61
112.185.36.80,12328,443,True,FUK,Asia Pacific,JP,Fukuoka,61
59.26.79.94,16033,443,True,FUK,Asia Pacific,JP,Fukuoka,62
222.104.240.250,17777,443,True,FUK,Asia Pacific,JP,Fukuoka,62
222.121.86.236,15831,443,True,FUK,Asia Pacific,JP,Fukuoka,63
112.164.53.216,24084,443,True,FUK,Asia Pacific,JP,Fukuoka,64
14.33.28.237,12544,443,True,FUK,Asia Pacific,JP,Fukuoka,64
222.117.231.32,14896,443,True,FUK,Asia Pacific,JP,Fukuoka,65
59.12.232.18,12349,443,True,FUK,Asia Pacific,JP,Fukuoka,66
112.187.59.195,12181,443,True,FUK,Asia Pacific,JP,Fukuoka,66
222.121.86.236,16993,443,True,FUK,Asia Pacific,JP,Fukuoka,66
175.196.105.220,18021,443,True,FUK,Asia Pacific,JP,Fukuoka,67
222.108.106.148,16012,443,True,FUK,Asia Pacific,JP,Fukuoka,69
14.32.158.138,12153,443,True,FUK,Asia Pacific,JP,Fukuoka,69
222.104.209.76,33422,443,True,FUK,Asia Pacific,JP,Fukuoka,69
14.38.65.221,12353,80,False,FUK,Asia Pacific,JP,Fukuoka,70
112.187.59.195,21316,443,True,FUK,Asia Pacific,JP,Fukuoka,71
222.102.114.104,12570,443,True,FUK,Asia Pacific,JP,Fukuoka,72
14.36.181.53,18765,443,True,FUK,Asia Pacific,JP,Fukuoka,73
59.30.32.240,12396,443,True,FUK,Asia Pacific,JP,Fukuoka,73
211.33.238.198,11210,443,True,FUK,Asia Pacific,JP,Fukuoka,73
14.32.158.138,36122,443,True,FUK,Asia Pacific,JP,Fukuoka,73
220.92.167.17,16992,443,True,FUK,Asia Pacific,JP,Fukuoka,74
222.102.166.18,30111,443,True,FUK,Asia Pacific,JP,Fukuoka,74
14.53.187.234,12585,443,True,FUK,Asia Pacific,JP,Fukuoka,74
221.152.48.69,21291,443,True,FUK,Asia Pacific,JP,Fukuoka,74
14.48.60.221,30113,443,True,FUK,Asia Pacific,JP,Fukuoka,74
222.99.156.159,12408,443,True,FUK,Asia Pacific,JP,Fukuoka,74
222.97.200.37,11027,443,True,FUK,Asia Pacific,JP,Fukuoka,75
121.175.63.10,12581,443,True,FUK,Asia Pacific,JP,Fukuoka,75
59.8.19.164,38022,443,True,FUK,Asia Pacific,JP,Fukuoka,75
222.102.190.56,24181,443,True,FUK,Asia Pacific,JP,Fukuoka,75
222.118.119.243,10210,443,True,FUK,Asia Pacific,JP,Fukuoka,76
59.25.136.47,10052,443,True,FUK,Asia Pacific,JP,Fukuoka,76
221.166.163.61,23184,443,True,FUK,Asia Pacific,JP,Fukuoka,76
112.185.162.7,12149,443,True,FUK,Asia Pacific,JP,Fukuoka,76
222.121.94.210,12277,443,True,FUK,Asia Pacific,JP,Fukuoka,76
121.150.144.211,18069,443,True,FUK,Asia Pacific,JP,Fukuoka,76
121.174.200.92,12582,443,True,FUK,Asia Pacific,JP,Fukuoka,76
211.196.91.234,18093,443,True,FUK,Asia Pacific,JP,Fukuoka,77
211.252.100.154,32400,443,True,FUK,Asia Pacific,JP,Fukuoka,77
175.197.148.56,12554,443,True,FUK,Asia Pacific,JP,Fukuoka,77
59.19.185.150,12231,443,True,FUK,Asia Pacific,JP,Fukuoka,77
121.144.244.203,12203,443,True,FUK,Asia Pacific,JP,Fukuoka,78
175.215.154.208,11184,443,True,FUK,Asia Pacific,JP,Fukuoka,78
125.129.107.154,18888,443,True,FUK,Asia Pacific,JP,Fukuoka,78
112.173.40.199,16083,443,True,FUK,Asia Pacific,JP,Fukuoka,78
222.117.169.58,12356,80,False,FUK,Asia Pacific,JP,Fukuoka,78
175.215.154.208,12330,443,True,FUK,Asia Pacific,JP,Fukuoka,78
125.135.123.97,16084,443,True,FUK,Asia Pacific,JP,Fukuoka,78
121.175.182.146,20900,443,True,FUK,Asia Pacific,JP,Fukuoka,78
175.215.154.208,12478,443,True,FUK,Asia Pacific,JP,Fukuoka,78
112.165.86.48,12217,443,True,FUK,Asia Pacific,JP,Fukuoka,79
222.99.156.159,31337,443,True,FUK,Asia Pacific,JP,Fukuoka,79
121.151.79.187,28001,443,True,FUK,Asia Pacific,JP,Fukuoka,79
222.104.240.250,13780,443,True,FUK,Asia Pacific,JP,Fukuoka,79
14.44.18.95,12177,443,True,FUK,Asia Pacific,JP,Fukuoka,79
211.199.188.23,12118,443,True,FUK,Asia Pacific,JP,Fukuoka,80
59.31.90.133,12522,443,True,FUK,Asia Pacific,JP,Fukuoka,80
222.97.207.98,13333,443,True,FUK,Asia Pacific,JP,Fukuoka,80
220.80.5.99,18027,80,False,FUK,Asia Pacific,JP,Fukuoka,81
128.134.185.230,12285,443,True,FUK,Asia Pacific,JP,Fukuoka,81
175.196.105.220,21267,443,True,FUK,Asia Pacific,JP,Fukuoka,81
121.175.182.146,11027,443,True,FUK,Asia Pacific,JP,Fukuoka,81
121.175.63.10,32400,443,True,FUK,Asia Pacific,JP,Fukuoka,82
220.77.107.150,18071,443,True,FUK,Asia Pacific,JP,Fukuoka,82
121.151.79.187,21276,443,True,FUK,Asia Pacific,JP,Fukuoka,82
121.181.132.45,10037,443,True,FUK,Asia Pacific,JP,Fukuoka,82
112.187.89.11,12543,443,True,FUK,Asia Pacific,JP,Fukuoka,82
14.56.226.68,12318,443,True,FUK,Asia Pacific,JP,Fukuoka,82
119.202.158.65,21288,443,True,FUK,Asia Pacific,JP,Fukuoka,82
125.140.50.89,38822,443,True,FUK,Asia Pacific,JP,Fukuoka,82
59.31.235.90,12379,80,False,FUK,Asia Pacific,JP,Fukuoka,82
121.175.63.10,30120,443,True,FUK,Asia Pacific,JP,Fukuoka,82
221.157.167.175,10036,443,True,FUK,Asia Pacific,JP,Fukuoka,82
121.175.63.10,16019,443,True,FUK,Asia Pacific,JP,Fukuoka,82
14.32.21.94,10075,443,True,FUK,Asia Pacific,JP,Fukuoka,83
220.116.168.186,12241,443,True,FUK,Asia Pacific,JP,Fukuoka,83
220.122.57.94,12277,443,True,FUK,Asia Pacific,JP,Fukuoka,83
222.104.240.250,11182,443,True,FUK,Asia Pacific,JP,Fukuoka,83
222.104.209.76,16316,443,True,FUK,Asia Pacific,JP,Fukuoka,83
125.130.86.162,12120,443,True,FUK,Asia Pacific,JP,Fukuoka,83
59.27.71.195,10042,443,True,FUK,Asia Pacific,JP,Fukuoka,83
175.213.179.84,21278,443,True,FUK,Asia Pacific,JP,Fukuoka,83
121.175.212.127,11211,443,True,FUK,Asia Pacific,JP,Fukuoka,83
112.187.59.195,12582,443,True,FUK,Asia Pacific,JP,Fukuoka,83
125.140.167.153,32101,80,False,FUK,Asia Pacific,JP,Fukuoka,83
61.106.187.203,11371,443,True,FUK,Asia Pacific,JP,Fukuoka,83
175.195.92.72,12980,443,True,FUK,Asia Pacific,JP,Fukuoka,83
121.128.161.235,10209,443,True,FUK,Asia Pacific,JP,Fukuoka,83
112.170.176.135,12133,443,True,FUK,Asia Pacific,JP,Fukuoka,84
175.203.206.223,10390,80,False,FUK,Asia Pacific,JP,Fukuoka,84
218.147.208.141,12380,443,True,FUK,Asia Pacific,JP,Fukuoka,84
61.75.5.106,12151,443,True,FUK,Asia Pacific,JP,Fukuoka,85
220.116.168.186,15018,443,True,FUK,Asia Pacific,JP,Fukuoka,85
221.165.128.234,37522,443,True,FUK,Asia Pacific,JP,Fukuoka,85
125.135.222.241,12564,443,True,FUK,Asia Pacific,JP,Fukuoka,85
222.116.8.197,21249,80,False,FUK,Asia Pacific,JP,Fukuoka,85
218.144.184.196,12129,443,True,FUK,Asia Pacific,JP,Fukuoka,85
175.203.9.28,12276,80,False,FUK,Asia Pacific,JP,Fukuoka,86
222.113.18.218,12229,443,True,FUK,Asia Pacific,JP,Fukuoka,86
175.196.105.220,21235,443,True,FUK,Asia Pacific,JP,Fukuoka,86
121.181.132.45,12367,443,True,FUK,Asia Pacific,JP,Fukuoka,86
220.83.67.160,12101,443,True,FUK,Asia Pacific,JP,Fukuoka,86
220.73.11.177,12386,443,True,FUK,Asia Pacific,JP,Fukuoka,86
125.130.217.48,18113,443,True,FUK,Asia Pacific,JP,Fukuoka,86
169.211.205.20,17773,443,True,FUK,Asia Pacific,JP,Fukuoka,87
118.41.71.28,12248,443,True,FUK,Asia Pacific,JP,Fukuoka,87
220.126.11.89,32522,443,True,FUK,Asia Pacific,JP,Fukuoka,87
221.158.163.251,16403,443,True,FUK,Asia Pacific,JP,Fukuoka,87
112.165.97.220,12346,443,True,FUK,Asia Pacific,JP,Fukuoka,87
210.217.9.130,12088,443,True,FUK,Asia Pacific,JP,Fukuoka,87
118.43.114.160,16030,443,True,FUK,Asia Pacific,JP,Fukuoka,87
222.99.156.159,12375,443,True,FUK,Asia Pacific,JP,Fukuoka,87
175.207.187.218,12549,443,True,FUK,Asia Pacific,JP,Fukuoka,87
14.32.21.94,12470,443,True,FUK,Asia Pacific,JP,Fukuoka,87
59.4.14.206,12518,443,True,FUK,Asia Pacific,JP,Fukuoka,87
119.205.15.124,12158,443,True,FUK,Asia Pacific,JP,Fukuoka,88
121.151.79.187,12374,443,True,FUK,Asia Pacific,JP,Fukuoka,88
61.85.179.46,34722,443,True,FUK,Asia Pacific,JP,Fukuoka,88
220.126.105.22,12438,443,True,FUK,Asia Pacific,JP,Fukuoka,88
125.135.123.97,10181,443,True,FUK,Asia Pacific,JP,Fukuoka,88
119.193.100.144,12251,443,True,FUK,Asia Pacific,JP,Fukuoka,88
14.47.11.69,39922,80,False,FUK,Asia Pacific,JP,Fukuoka,88
211.227.97.113,12386,443,True,FUK,Asia Pacific,JP,Fukuoka,88
220.122.202.79,12319,443,True,FUK,Asia Pacific,JP,Fukuoka,88
14.43.108.144,12170,443,True,FUK,Asia Pacific,JP,Fukuoka,88
118.44.153.142,12152,443,True,FUK,Asia Pacific,JP,Fukuoka,88
221.155.32.108,12452,443,True,FUK,Asia Pacific,JP,Fukuoka,88
59.21.167.152,21281,443,True,FUK,Asia Pacific,JP,Fukuoka,88
121.183.90.210,12159,443,True,FUK,Asia Pacific,JP,Fukuoka,88
118.42.233.191,20256,443,True,FUK,Asia Pacific,JP,Fukuoka,88
121.169.51.165,12123,443,True,FUK,Asia Pacific,JP,Fukuoka,89
211.236.108.202,11480,443,True,FUK,Asia Pacific,JP,Fukuoka,89
125.135.222.241,18105,443,True,FUK,Asia Pacific,JP,Fukuoka,89
14.32.21.94,21308,443,True,FUK,Asia Pacific,JP,Fukuoka,89
220.89.23.192,12462,443,True,FUK,Asia Pacific,JP,Fukuoka,89
112.162.200.89,10302,443,True,FUK,Asia Pacific,JP,Fukuoka,89
112.165.101.108,12438,443,True,FUK,Asia Pacific,JP,Fukuoka,89
220.92.164.16,10250,80,False,FUK,Asia Pacific,JP,Fukuoka,89
211.222.80.156,12440,443,True,FUK,Asia Pacific,JP,Fukuoka,89
121.160.141.47,23082,443,True,FUK,Asia Pacific,JP,Fukuoka,89
210.217.9.130,12169,80,False,FUK,Asia Pacific,JP,Fukuoka,89
221.147.119.6,18113,443,True,FUK,Asia Pacific,JP,Fukuoka,89
121.175.158.112,12243,443,True,FUK,Asia Pacific,JP,Fukuoka,90
14.33.202.39,21281,443,True,FUK,Asia Pacific,JP,Fukuoka,90
59.0.66.191,12545,443,True,FUK,Asia Pacific,JP,Fukuoka,90
121.167.57.237,12264,443,True,FUK,Asia Pacific,JP,Fukuoka,90
121.151.114.96,14523,443,True,FUK,Asia Pacific,JP,Fukuoka,90
14.39.160.106,16085,443,True,FUK,Asia Pacific,JP,Fukuoka,90
119.203.153.186,12156,443,True,FUK,Asia Pacific,JP,Fukuoka,90
175.193.62.86,12165,443,True,FUK,Asia Pacific,JP,Fukuoka,90
220.76.142.231,18101,443,True,FUK,Asia Pacific,JP,Fukuoka,91
119.195.196.173,12056,443,True,FUK,Asia Pacific,JP,Fukuoka,91
210.123.51.149,32102,443,True,FUK,Asia Pacific,JP,Fukuoka,91
210.121.206.135,17776,443,True,FUK,Asia Pacific,JP,Fukuoka,91
183.99.40.165,12246,443,True,FUK,Asia Pacific,JP,Fukuoka,91
14.48.40.171,12572,443,True,FUK,Asia Pacific,JP,Fukuoka,91
220.124.157.76,12369,443,True,FUK,Asia Pacific,JP,Fukuoka,91
121.151.79.187,18245,443,True,FUK,Asia Pacific,JP,Fukuoka,91
119.193.12.243,12485,443,True,FUK,Asia Pacific,JP,Fukuoka,92
222.99.156.159,30700,443,True,FUK,Asia Pacific,JP,Fukuoka,92
221.164.149.81,12336,443,True,FUK,Asia Pacific,JP,Fukuoka,92
61.83.191.70,18013,80,False,FUK,Asia Pacific,JP,Fukuoka,92
169.211.205.20,12223,443,True,FUK,Asia Pacific,JP,Fukuoka,92
59.26.79.94,20880,443,True,FUK,Asia Pacific,JP,Fukuoka,92
121.188.14.81,18102,443,True,FUK,Asia Pacific,JP,Fukuoka,92
119.195.231.68,24082,443,True,FUK,Asia Pacific,JP,Fukuoka,93
175.203.9.28,12401,443,True,FUK,Asia Pacific,JP,Fukuoka,93
121.137.164.42,18074,443,True,FUK,Asia Pacific,JP,Fukuoka,93
220.77.18.195,12369,443,True,FUK,Asia Pacific,JP,Fukuoka,93
125.142.76.233,12549,443,True,FUK,Asia Pacific,JP,Fukuoka,93
119.193.12.243,16103,443,True,FUK,Asia Pacific,JP,Fukuoka,93
121.155.61.102,11211,443,True,FUK,Asia Pacific,JP,Fukuoka,94
119.193.12.243,10082,443,True,FUK,Asia Pacific,JP,Fukuoka,94
119.207.99.81,14402,443,True,FUK,Asia Pacific,JP,Fukuoka,94
14.39.160.106,14407,443,True,FUK,Asia Pacific,JP,Fukuoka,94
183.102.55.197,18093,443,True,FUK,Asia Pacific,JP,Fukuoka,94
222.99.156.159,11443,443,True,FUK,Asia Pacific,JP,Fukuoka,94
61.80.0.204,38022,443,True,FUK,Asia Pacific,JP,Fukuoka,94
220.78.7.17,25565,80,False,FUK,Asia Pacific,JP,Fukuoka,94
210.126.67.51,15672,443,True,FUK,Asia Pacific,JP,Fukuoka,94
119.193.12.243,12450,443,True,FUK,Asia Pacific,JP,Fukuoka,94
125.130.86.162,12165,443,True,FUK,Asia Pacific,JP,Fukuoka,94
121.139.47.94,21305,80,False,FUK,Asia Pacific,JP,Fukuoka,94
118.41.202.31,12374,443,True,FUK,Asia Pacific,JP,Fukuoka,95
222.113.18.214,17020,80,False,FUK,Asia Pacific,JP,Fukuoka,95
211.230.79.97,30025,443,True,FUK,Asia Pacific,JP,Fukuoka,95
125.130.105.60,12373,443,True,FUK,Asia Pacific,JP,Fukuoka,95
115.23.82.231,12156,443,True,FUK,Asia Pacific,JP,Fukuoka,95
220.116.168.186,21249,443,True,FUK,Asia Pacific,JP,Fukuoka,95
119.200.192.118,16002,443,True,FUK,Asia Pacific,JP,Fukuoka,95
118.43.214.55,12238,443,True,FUK,Asia Pacific,JP,Fukuoka,95
175.203.156.172,12274,443,True,FUK,Asia Pacific,JP,Fukuoka,95
221.154.63.17,30005,443,True,FUK,Asia Pacific,JP,Fukuoka,95
183.99.179.42,12256,443,True,FUK,Asia Pacific,JP,Fukuoka,95
14.36.181.53,12101,443,True,FUK,Asia Pacific,JP,Fukuoka,96
118.43.224.108,12381,443,True,FUK,Asia Pacific,JP,Fukuoka,96
125.139.48.108,11075,443,True,FUK,Asia Pacific,JP,Fukuoka,96
121.169.143.219,12160,80,False,FUK,Asia Pacific,JP,Fukuoka,96
221.147.119.6,18081,443,True,FUK,Asia Pacific,JP,Fukuoka,96
220.126.105.22,30006,443,True,FUK,Asia Pacific,JP,Fukuoka,96
121.178.230.168,16085,443,True,FUK,Asia Pacific,JP,Fukuoka,96
61.80.81.59,12142,443,True,FUK,Asia Pacific,JP,Fukuoka,96
221.148.219.205,12445,443,True,FUK,Asia Pacific,JP,Fukuoka,96
121.179.49.60,12111,443,True,FUK,Asia Pacific,JP,Fukuoka,96
14.54.36.172,39522,80,False,FUK,Asia Pacific,JP,Fukuoka,96
183.98.186.160,32444,443,True,FUK,Asia Pacific,JP,Fukuoka,96
203.243.50.83,12186,80,False,FUK,Asia Pacific,JP,Fukuoka,96
14.39.160.106,12556,443,True,FUK,Asia Pacific,JP,Fukuoka,97
121.158.81.135,12106,443,True,FUK,Asia Pacific,JP,Fukuoka,97
221.146.49.122,12479,443,True,FUK,Asia Pacific,JP,Fukuoka,97
211.55.238.121,12374,443,True,FUK,Asia Pacific,JP,Fukuoka,97
14.53.187.234,29984,443,True,FUK,Asia Pacific,JP,Fukuoka,97
183.105.191.241,12404,443,True,FUK,Asia Pacific,JP,Fukuoka,97
183.98.182.70,37215,443,True,FUK,Asia Pacific,JP,Fukuoka,97
183.98.182.70,12556,443,True,FUK,Asia Pacific,JP,Fukuoka,98
121.132.58.142,18106,443,True,FUK,Asia Pacific,JP,Fukuoka,98
61.82.242.222,12335,443,True,FUK,Asia Pacific,JP,Fukuoka,98
59.26.204.175,12297,80,False,FUK,Asia Pacific,JP,Fukuoka,98
118.45.214.244,25565,443,True,FUK,Asia Pacific,JP,Fukuoka,98
175.201.84.61,38622,443,True,FUK,Asia Pacific,JP,Fukuoka,98
121.168.61.156,17775,443,True,FUK,Asia Pacific,JP,Fukuoka,98
211.236.108.202,16067,443,True,FUK,Asia Pacific,JP,Fukuoka,98
211.230.167.207,16059,443,True,FUK,Asia Pacific,JP,Fukuoka,98
121.144.133.84,30113,80,False,FUK,Asia Pacific,JP,Fukuoka,99
119.193.12.243,12504,443,True,FUK,Asia Pacific,JP,Fukuoka,99
222.104.209.76,11211,443,True,FUK,Asia Pacific,JP,Fukuoka,99
121.183.122.144,12318,443,True,FUK,Asia Pacific,JP,Fukuoka,100
59.12.232.18,12214,443,True,FUK,Asia Pacific,JP,Fukuoka,100
220.88.89.150,17770,443,True,FUK,Asia Pacific,JP,Fukuoka,100
118.41.71.28,11601,443,True,FUK,Asia Pacific,JP,Fukuoka,100
121.163.243.185,21243,443,True,FUK,Asia Pacific,JP,Fukuoka,100
211.250.250.146,12474,80,False,FUK,Asia Pacific,JP,Fukuoka,101
118.43.214.55,10065,443,True,FUK,Asia Pacific,JP,Fukuoka,101
119.193.12.243,12540,443,True,FUK,Asia Pacific,JP,Fukuoka,101
59.21.167.152,34822,80,False,FUK,Asia Pacific,JP,Fukuoka,101
14.39.251.200,19000,443,True,FUK,Asia Pacific,JP,Fukuoka,102
221.159.70.170,21256,443,True,FUK,Asia Pacific,JP,Fukuoka,102
118.44.65.96,11481,443,True,FUK,Asia Pacific,JP,Fukuoka,102
119.201.161.141,12251,443,True,FUK,Asia Pacific,JP,Fukuoka,102
175.215.154.208,38520,443,True,FUK,Asia Pacific,JP,Fukuoka,102
14.53.187.234,18005,443,True,FUK,Asia Pacific,JP,Fukuoka,102
183.102.55.197,12559,443,True,FUK,Asia Pacific,JP,Fukuoka,102
121.153.45.186,38622,443,True,FUK,Asia Pacific,JP,Fukuoka,102
61.74.161.20,30104,443,True,FUK,Asia Pacific,JP,Fukuoka,103
121.161.233.49,21326,80,False,FUK,Asia Pacific,JP,Fukuoka,103
121.175.158.112,12221,443,True,FUK,Asia Pacific,JP,Fukuoka,103
210.179.211.87,12276,443,True,FUK,Asia Pacific,JP,Fukuoka,103
119.193.12.243,16888,443,True,FUK,Asia Pacific,JP,Fukuoka,103
211.248.229.186,12159,443,True,FUK,Asia Pacific,JP,Fukuoka,103
183.106.217.167,21278,443,True,FUK,Asia Pacific,JP,Fukuoka,103
61.82.192.179,12271,443,True,FUK,Asia Pacific,JP,Fukuoka,103
121.128.254.108,12577,443,True,FUK,Asia Pacific,JP,Fukuoka,104
121.175.63.10,12308,443,True,FUK,Asia Pacific,JP,Fukuoka,104
119.194.79.217,21379,443,True,FUK,Asia Pacific,JP,Fukuoka,104
175.215.154.208,20325,443,True,FUK,Asia Pacific,JP,Fukuoka,104
119.193.12.243,12286,443,True,FUK,Asia Pacific,JP,Fukuoka,104
14.53.187.234,10251,443,True,FUK,Asia Pacific,JP,Fukuoka,104
183.98.182.70,21001,443,True,FUK,Asia Pacific,JP,Fukuoka,104
211.222.113.80,16030,443,True,FUK,Asia Pacific,JP,Fukuoka,104
119.193.12.243,12458,443,True,FUK,Asia Pacific,JP,Fukuoka,105
175.213.209.189,35000,80,False,FUK,Asia Pacific,JP,Fukuoka,105
220.71.175.251,16009,443,True,FUK,Asia Pacific,JP,Fukuoka,105
175.215.205.40,16800,443,True,FUK,Asia Pacific,JP,Fukuoka,105
59.25.174.242,16030,443,True,FUK,Asia Pacific,JP,Fukuoka,105
222.104.209.76,12278,8443,True,FUK,Asia Pacific,JP,Fukuoka,105
183.103.28.168,14900,443,True,FUK,Asia Pacific,JP,Fukuoka,105
14.36.181.53,18059,443,True,FUK,Asia Pacific,JP,Fukuoka,105
175.215.154.208,37080,443,True,FUK,Asia Pacific,JP,Fukuoka,105
121.181.132.45,18035,443,True,FUK,Asia Pacific,JP,Fukuoka,105
118.44.96.97,30029,443,True,FUK,Asia Pacific,JP,Fukuoka,106
118.44.249.248,16041,443,True,FUK,Asia Pacific,JP,Fukuoka,106
121.175.158.112,19776,443,True,FUK,Asia Pacific,JP,Fukuoka,106
121.175.212.127,12127,443,True,FUK,Asia Pacific,JP,Fukuoka,106
202.30.19.4,21273,443,True,FUK,Asia Pacific,JP,Fukuoka,106
119.198.3.117,21315,80,False,FUK,Asia Pacific,JP,Fukuoka,106
220.77.18.195,16831,443,True,FUK,Asia Pacific,JP,Fukuoka,106
183.106.217.167,12372,443,True,FUK,Asia Pacific,JP,Fukuoka,106
121.154.68.40,16040,443,True,FUK,Asia Pacific,JP,Fukuoka,106
183.104.1.110,12361,80,False,FUK,Asia Pacific,JP,Fukuoka,106
118.45.9.162,12304,443,True,FUK,Asia Pacific,JP,Fukuoka,106
121.167.57.237,18008,443,True,FUK,Asia Pacific,JP,Fukuoka,107
121.175.158.112,36501,443,True,FUK,Asia Pacific,JP,Fukuoka,107
221.144.200.91,12285,80,False,FUK,Asia Pacific,JP,Fukuoka,107
121.143.44.148,16023,443,True,FUK,Asia Pacific,JP,Fukuoka,107
59.21.167.152,12254,80,False,FUK,Asia Pacific,JP,Fukuoka,107
218.156.98.211,20880,443,True,FUK,Asia Pacific,JP,Fukuoka,107
59.31.90.133,16093,443,True,FUK,Asia Pacific,JP,Fukuoka,108
220.126.11.89,12518,443,True,FUK,Asia Pacific,JP,Fukuoka,108
221.145.8.150,10066,443,True,FUK,Asia Pacific,JP,Fukuoka,108
118.44.153.142,33222,443,True,FUK,Asia Pacific,JP,Fukuoka,108
175.201.21.227,22705,443,True,FUK,Asia Pacific,JP,Fukuoka,108
59.19.24.168,10086,443,True,FUK,Asia Pacific,JP,Fukuoka,108
119.192.204.7,12199,443,True,FUK,Asia Pacific,JP,Fukuoka,108
121.167.242.93,10011,443,True,FUK,Asia Pacific,JP,Fukuoka,108
121.152.127.130,12283,443,True,FUK,Asia Pacific,JP,Fukuoka,108
220.127.214.177,12362,443,True,FUK,Asia Pacific,JP,Fukuoka,109
112.172.38.93,12133,443,True,FUK,Asia Pacific,JP,Fukuoka,109
183.103.28.168,12463,443,True,FUK,Asia Pacific,JP,Fukuoka,109
222.104.118.235,14024,443,True,FUK,Asia Pacific,JP,Fukuoka,109
211.218.207.149,18111,443,True,FUK,Asia Pacific,JP,Fukuoka,109
175.203.9.28,12412,443,True,FUK,Asia Pacific,JP,Fukuoka,110
119.193.12.243,21264,443,True,FUK,Asia Pacific,JP,Fukuoka,110
222.113.18.218,20001,443,True,FUK,Asia Pacific,JP,Fukuoka,110
210.100.138.35,10936,80,False,FUK,Asia Pacific,JP,Fukuoka,110
210.178.81.61,16039,443,True,FUK,Asia Pacific,JP,Fukuoka,110
119.193.12.243,36505,443,True,FUK,Asia Pacific,JP,Fukuoka,110
183.101.91.44,10027,80,False,FUK,Asia Pacific,JP,Fukuoka,110
183.101.91.44,12569,443,True,FUK,Asia Pacific,JP,Fukuoka,110
222.104.240.250,11920,443,True,FUK,Asia Pacific,JP,Fukuoka,110
175.210.186.14,12144,443,True,FUK,Asia Pacific,JP,Fukuoka,110
221.144.2.142,20208,443,True,FUK,Asia Pacific,JP,Fukuoka,110
121.143.125.229,12354,443,True,FUK,Asia Pacific,JP,Fukuoka,111
59.12.64.243,12267,443,True,FUK,Asia Pacific,JP,Fukuoka,111
14.44.60.11,12377,443,True,FUK,Asia Pacific,JP,Fukuoka,111
61.73.36.4,20880,443,True,FUK,Asia Pacific,JP,Fukuoka,111
211.227.204.62,12273,443,True,FUK,Asia Pacific,JP,Fukuoka,112
59.21.167.152,10093,443,True,FUK,Asia Pacific,JP,Fukuoka,112
121.188.14.81,21236,443,True,FUK,Asia Pacific,JP,Fukuoka,112
112.184.56.73,12220,443,True,FUK,Asia Pacific,JP,Fukuoka,112
220.120.102.93,12206,80,False,FUK,Asia Pacific,JP,Fukuoka,112
211.38.230.31,12244,443,True,FUK,Asia Pacific,JP,Fukuoka,112
222.104.118.235,18086,443,True,FUK,Asia Pacific,JP,Fukuoka,113
61.77.102.56,16058,80,False,FUK,Asia Pacific,JP,Fukuoka,113
121.131.179.202,12260,443,True,FUK,Asia Pacific,JP,Fukuoka,113
119.193.164.144,30083,443,True,FUK,Asia Pacific,JP,Fukuoka,113
220.120.172.116,38522,443,True,FUK,Asia Pacific,JP,Fukuoka,113
61.80.81.59,27017,443,True,FUK,Asia Pacific,JP,Fukuoka,114
220.78.129.86,18006,80,False,FUK,Asia Pacific,JP,Fukuoka,114
220.71.190.40,18056,443,True,FUK,Asia Pacific,JP,Fukuoka,114
221.152.7.191,12523,80,False,FUK,Asia Pacific,JP,Fukuoka,114
121.163.116.208,32400,443,True,FUK,Asia Pacific,JP,Fukuoka,114
121.168.61.156,28443,443,True,FUK,Asia Pacific,JP,Fukuoka,115
220.116.71.234,18015,443,True,FUK,Asia Pacific,JP,Fukuoka,115
121.135.60.219,12380,443,True,FUK,Asia Pacific,JP,Fukuoka,115
121.163.243.185,12180,443,True,FUK,Asia Pacific,JP,Fukuoka,116
222.104.209.76,25009,443,True,FUK,Asia Pacific,JP,Fukuoka,116
218.159.144.108,36522,443,True,FUK,Asia Pacific,JP,Fukuoka,116
211.248.92.78,10033,443,True,FUK,Asia Pacific,JP,Fukuoka,116
119.203.153.186,12201,443,True,FUK,Asia Pacific,JP,Fukuoka,117
220.76.70.226,12323,443,True,FUK,Asia Pacific,JP,Fukuoka,117
211.250.75.110,12197,80,False,FUK,Asia Pacific,JP,Fukuoka,117
220.72.72.91,12369,80,False,FUK,Asia Pacific,JP,Fukuoka,117
112.187.89.11,11101,443,True,FUK,Asia Pacific,JP,Fukuoka,119
221.148.219.205,12410,443,True,FUK,Asia Pacific,JP,Fukuoka,120
118.43.214.55,33333,443,True,FUK,Asia Pacific,JP,Fukuoka,120
14.57.129.244,12301,443,True,FUK,Asia Pacific,JP,Fukuoka,120
119.193.12.243,12182,443,True,FUK,Asia Pacific,JP,Fukuoka,120
175.201.21.227,12399,443,True,FUK,Asia Pacific,JP,Fukuoka,120
14.32.158.138,12408,443,True,FUK,Asia Pacific,JP,Fukuoka,120
220.122.42.198,14900,80,False,FUK,Asia Pacific,JP,Fukuoka,120
168.126.210.143,16021,443,True,FUK,Asia Pacific,JP,Fukuoka,121
183.98.186.160,12367,443,True,FUK,Asia Pacific,JP,Fukuoka,121
121.176.105.126,39122,443,True,FUK,Asia Pacific,JP,Fukuoka,121
218.154.157.146,12257,443,True,FUK,Asia Pacific,JP,Fukuoka,121
220.79.29.86,10075,443,True,FUK,Asia Pacific,JP,Fukuoka,121
121.132.58.142,12393,443,True,FUK,Asia Pacific,JP,Fukuoka,122
218.158.90.204,12141,443,True,FUK,Asia Pacific,JP,Fukuoka,122
61.82.242.222,18097,443,True,FUK,Asia Pacific,JP,Fukuoka,123
175.193.164.4,12495,80,False,FUK,Asia Pacific,JP,Fukuoka,123
121.181.132.45,18096,443,True,FUK,Asia Pacific,JP,Fukuoka,124
121.132.58.142,17771,443,True,FUK,Asia Pacific,JP,Fukuoka,124
183.98.186.160,22000,443,True,FUK,Asia Pacific,JP,Fukuoka,124
14.32.158.138,12186,443,True,FUK,Asia Pacific,JP,Fukuoka,125
112.173.40.199,16028,443,True,FUK,Asia Pacific,JP,Fukuoka,126
220.85.254.226,12250,443,True,FUK,Asia Pacific,JP,Fukuoka,126
61.83.191.70,12314,443,True,FUK,Asia Pacific,JP,Fukuoka,126
175.209.70.183,20894,80,False,FUK,Asia Pacific,JP,Fukuoka,126
119.193.12.243,39422,443,True,FUK,Asia Pacific,JP,Fukuoka,126
119.193.12.243,12109,443,True,FUK,Asia Pacific,JP,Fukuoka,127
118.37.74.210,12485,443,True,FUK,Asia Pacific,JP,Fukuoka,127
119.193.12.243,11481,443,True,FUK,Asia Pacific,JP,Fukuoka,128
118.43.214.55,15555,443,True,FUK,Asia Pacific,JP,Fukuoka,128
221.144.200.91,12205,443,True,FUK,Asia Pacific,JP,Fukuoka,128
220.120.172.116,22380,443,True,FUK,Asia Pacific,JP,Fukuoka,129
175.201.21.227,12143,443,True,FUK,Asia Pacific,JP,Fukuoka,130
119.199.138.213,21259,443,True,FUK,Asia Pacific,JP,Fukuoka,132
59.1.152.51,12480,443,True,FUK,Asia Pacific,JP,Fukuoka,133
175.215.138.134,37722,443,True,FUK,Asia Pacific,JP,Fukuoka,133
220.120.172.116,12179,443,True,FUK,Asia Pacific,JP,Fukuoka,133
121.147.142.233,25952,443,True,FUK,Asia Pacific,JP,Fukuoka,134
121.178.203.170,10205,443,True,FUK,Asia Pacific,JP,Fukuoka,134
218.150.189.108,12136,443,True,FUK,Asia Pacific,JP,Fukuoka,135
121.151.132.168,16043,443,True,FUK,Asia Pacific,JP,Fukuoka,135
183.101.91.44,11288,80,False,FUK,Asia Pacific,JP,Fukuoka,136
121.171.222.174,12416,443,True,FUK,Asia Pacific,JP,Fukuoka,136
211.38.230.31,38022,443,True,FUK,Asia Pacific,JP,Fukuoka,137
119.195.196.173,12534,443,True,FUK,Asia Pacific,JP,Fukuoka,138
121.179.49.60,12212,80,False,FUK,Asia Pacific,JP,Fukuoka,138
121.186.176.93,12347,443,True,FUK,Asia Pacific,JP,Fukuoka,140
121.128.161.235,12348,443,True,FUK,Asia Pacific,JP,Fukuoka,145
59.17.22.7,12495,80,False,FUK,Asia Pacific,JP,Fukuoka,146
121.163.116.208,21001,443,True,FUK,Asia Pacific,JP,Fukuoka,146
220.120.172.116,30106,443,True,FUK,Asia Pacific,JP,Fukuoka,163
220.120.172.116,12414,443,True,FUK,Asia Pacific,JP,Fukuoka,171
175.213.58.158,35101,443,True,FUK,Asia Pacific,JP,Fukuoka,183
125.135.12.41,12163,443,True,FUK,Asia Pacific,JP,Fukuoka,203
221.145.8.150,12230,443,True,FUK,Asia Pacific,JP,Fukuoka,204
61.85.1.77,12150,443,True,FUK,Asia Pacific,JP,Fukuoka,208
221.165.101.194,12400,443,True,FUK,Asia Pacific,JP,Fukuoka,231
220.85.254.226,12390,443,True,FUK,Asia Pacific,JP,Fukuoka,233
47.239.68.152,587,443,True,HKG,Asia Pacific,HK,Hong Kong,11
47.76.130.197,60001,443,True,HKG,Asia Pacific,HK,Hong Kong,11
8.210.96.197,12902,443,True,HKG,Asia Pacific,HK,Hong Kong,11
47.76.104.12,587,443,True,HKG,Asia Pacific,HK,Hong Kong,13
47.238.29.180,587,443,True,HKG,Asia Pacific,HK,Hong Kong,14
47.76.44.143,587,443,True,HKG,Asia Pacific,HK,Hong Kong,14
8.217.244.253,587,443,True,HKG,Asia Pacific,HK,Hong Kong,14
47.238.66.74,587,443,True,HKG,Asia Pacific,HK,Hong Kong,15
47.238.236.147,587,443,True,HKG,Asia Pacific,HK,Hong Kong,16
47.76.215.14,587,443,True,HKG,Asia Pacific,HK,Hong Kong,16
47.76.218.163,443,443,True,HKG,Asia Pacific,HK,Hong Kong,17
43.155.71.120,548,443,True,HKG,Asia Pacific,HK,Hong Kong,18
124.156.129.206,6666,443,True,HKG,Asia Pacific,HK,Hong Kong,18
128.1.132.82,443,443,True,HKG,Asia Pacific,HK,Hong Kong,20
47.76.76.61,587,443,True,HKG,Asia Pacific,HK,Hong Kong,20
8.223.15.4,443,443,True,HKG,Asia Pacific,HK,Hong Kong,20
47.76.245.221,587,443,True,HKG,Asia Pacific,HK,Hong Kong,20
219.76.13.181,443,443,True,HKG,Asia Pacific,HK,Hong Kong,21
47.76.35.146,80,443,True,HKG,Asia Pacific,HK,Hong Kong,23
8.212.44.95,443,443,True,HKG,Asia Pacific,HK,Hong Kong,23
47.242.209.195,587,443,True,HKG,Asia Pacific,HK,Hong Kong,24
43.128.26.74,443,443,True,HKG,Asia Pacific,HK,Hong Kong,24
210.6.2.232,11211,443,True,HKG,Asia Pacific,HK,Hong Kong,24
47.238.211.186,587,443,True,HKG,Asia Pacific,HK,Hong Kong,25
43.155.71.120,3388,443,True,HKG,Asia Pacific,HK,Hong Kong,26
219.76.13.177,443,443,True,HKG,Asia Pacific,HK,Hong Kong,26
154.64.251.19,443,443,True,HKG,Asia Pacific,HK,Hong Kong,26
47.239.231.62,7443,443,True,HKG,Asia Pacific,HK,Hong Kong,27
8.218.69.41,9998,443,True,HKG,Asia Pacific,HK,Hong Kong,28
165.154.43.92,35184,443,True,HKG,Asia Pacific,HK,Hong Kong,28
8.212.48.236,443,443,True,HKG,Asia Pacific,HK,Hong Kong,32
206.237.22.91,449,443,True,HKG,Asia Pacific,HK,Hong Kong,81
103.30.76.216,2083,2086,False,HKG,Asia Pacific,HK,Hong Kong,81
5.180.98.146,22827,443,True,HKG,Asia Pacific,HK,Hong Kong,82
103.30.76.216,2053,2086,False,HKG,Asia Pacific,HK,Hong Kong,83
103.30.76.210,444,443,True,HKG,Asia Pacific,HK,Hong Kong,86
103.235.18.96,12317,443,True,HKG,Asia Pacific,HK,Hong Kong,116
103.148.72.147,1443,443,True,HKG,Asia Pacific,HK,Hong Kong,118
103.112.185.138,587,443,True,HKG,Asia Pacific,HK,Hong Kong,120
58.176.95.46,443,443,True,HKG,Asia Pacific,HK,Hong Kong,120
154.88.31.66,587,443,True,HKG,Asia Pacific,HK,Hong Kong,127
38.38.251.220,443,443,True,HKG,Asia Pacific,HK,Hong Kong,128
18.167.10.179,2053,80,False,HKG,Asia Pacific,HK,Hong Kong,130
83.229.123.36,8443,443,True,HKG,Asia Pacific,HK,Hong Kong,134
103.30.76.216,2087,2086,False,HKG,Asia Pacific,HK,Hong Kong,144
138.2.113.148,888,80,False,HKG,Asia Pacific,HK,Hong Kong,160
178.253.32.30,52126,0,True,HKG,Asia Pacific,HK,Hong Kong,163
202.181.27.218,14526,443,True,HKG,Asia Pacific,HK,Hong Kong,216
47.236.106.19,443,443,True,HKG,Asia Pacific,HK,Hong Kong,216
191.101.132.54,8080,443,True,HKG,Asia Pacific,HK,Hong Kong,238
141.11.217.127,80,80,False,HKG,Asia Pacific,HK,Hong Kong,240
141.11.175.133,8080,443,True,HKG,Asia Pacific,HK,Hong Kong,241
141.11.216.39,8080,443,True,HKG,Asia Pacific,HK,Hong Kong,247
141.11.175.174,20368,443,True,HKG,Asia Pacific,HK,Hong Kong,248
42.200.111.106,12351,8443,True,HKG,Asia Pacific,HK,Hong Kong,369
219.76.13.180,443,443,True,HKG,Asia Pacific,HK,Hong Kong,390
219.76.176.105,12329,443,True,HKG,Asia Pacific,HK,Hong Kong,515
219.76.176.105,12180,443,True,HKG,Asia Pacific,HK,Hong Kong,517
219.76.176.105,12331,443,True,HKG,Asia Pacific,HK,Hong Kong,521
219.76.176.105,30106,443,True,HKG,Asia Pacific,HK,Hong Kong,523
219.76.176.105,12203,443,True,HKG,Asia Pacific,HK,Hong Kong,535
219.76.176.105,12588,443,True,HKG,Asia Pacific,HK,Hong Kong,538
47.243.138.97,587,443,True,HKG,Asia Pacific,HK,Hong Kong,1016
220.92.22.170,12136,443,True,ICN,Asia Pacific,KR,Seoul,51
211.195.14.28,50000,443,True,ICN,Asia Pacific,KR,Seoul,52
222.112.173.127,18082,443,True,ICN,Asia Pacific,KR,Seoul,52
14.36.131.82,21304,443,True,ICN,Asia Pacific,KR,Seoul,53
220.94.136.232,18055,443,True,ICN,Asia Pacific,KR,Seoul,54
59.24.113.228,50000,443,True,ICN,Asia Pacific,KR,Seoul,54
222.107.236.137,19080,443,True,ICN,Asia Pacific,KR,Seoul,54
222.108.169.121,12259,443,True,ICN,Asia Pacific,KR,Seoul,54
222.107.52.227,50000,443,True,ICN,Asia Pacific,KR,Seoul,54
175.195.255.42,50000,443,True,ICN,Asia Pacific,KR,Seoul,55
59.26.184.50,12412,443,True,ICN,Asia Pacific,KR,Seoul,55
112.162.85.25,12579,443,True,ICN,Asia Pacific,KR,Seoul,55
14.35.74.235,50004,443,True,ICN,Asia Pacific,KR,Seoul,55
125.133.28.143,10398,443,True,ICN,Asia Pacific,KR,Seoul,55
112.160.48.228,50001,443,True,ICN,Asia Pacific,KR,Seoul,55
14.52.26.97,50004,443,True,ICN,Asia Pacific,KR,Seoul,56
125.143.89.21,50000,443,True,ICN,Asia Pacific,KR,Seoul,56
222.100.158.229,16030,443,True,ICN,Asia Pacific,KR,Seoul,56
14.33.140.80,50000,443,True,ICN,Asia Pacific,KR,Seoul,56
222.106.89.183,12511,443,True,ICN,Asia Pacific,KR,Seoul,56
59.13.68.45,14896,443,True,ICN,Asia Pacific,KR,Seoul,57
220.93.91.175,50000,443,True,ICN,Asia Pacific,KR,Seoul,57
59.29.143.222,50000,443,True,ICN,Asia Pacific,KR,Seoul,57
125.138.22.197,12106,443,True,ICN,Asia Pacific,KR,Seoul,57
59.10.193.231,50000,443,True,ICN,Asia Pacific,KR,Seoul,57
112.187.164.131,12473,443,True,ICN,Asia Pacific,KR,Seoul,57
222.108.125.18,50000,443,True,ICN,Asia Pacific,KR,Seoul,57
59.15.149.216,38222,443,True,ICN,Asia Pacific,KR,Seoul,57
112.162.119.81,12364,443,True,ICN,Asia Pacific,KR,Seoul,57
125.139.225.100,50000,443,True,ICN,Asia Pacific,KR,Seoul,57
112.160.241.215,12579,443,True,ICN,Asia Pacific,KR,Seoul,57
175.199.169.221,50003,443,True,ICN,Asia Pacific,KR,Seoul,58
125.132.203.87,50000,443,True,ICN,Asia Pacific,KR,Seoul,58
14.35.55.85,50003,443,True,ICN,Asia Pacific,KR,Seoul,58
59.26.87.157,50004,443,True,ICN,Asia Pacific,KR,Seoul,59
112.160.171.122,50000,443,True,ICN,Asia Pacific,KR,Seoul,59
59.13.140.14,10024,443,True,ICN,Asia Pacific,KR,Seoul,59
222.120.45.127,50000,443,True,ICN,Asia Pacific,KR,Seoul,59
211.195.110.162,16010,443,True,ICN,Asia Pacific,KR,Seoul,59
222.105.236.162,50000,443,True,ICN,Asia Pacific,KR,Seoul,60
59.15.149.216,12239,443,True,ICN,Asia Pacific,KR,Seoul,60
125.128.215.162,50000,443,True,ICN,Asia Pacific,KR,Seoul,61
222.101.91.204,50000,443,True,ICN,Asia Pacific,KR,Seoul,61
112.162.27.11,12316,443,True,ICN,Asia Pacific,KR,Seoul,61
14.36.119.92,12259,443,True,ICN,Asia Pacific,KR,Seoul,61
210.95.134.220,50004,443,True,ICN,Asia Pacific,KR,Seoul,61
59.25.212.18,21084,443,True,ICN,Asia Pacific,KR,Seoul,61
14.48.108.191,50000,443,True,ICN,Asia Pacific,KR,Seoul,61
125.136.217.19,11434,443,True,ICN,Asia Pacific,KR,Seoul,61
59.31.58.157,50000,443,True,ICN,Asia Pacific,KR,Seoul,61
14.39.43.121,10051,443,True,ICN,Asia Pacific,KR,Seoul,62
112.185.8.226,36522,443,True,ICN,Asia Pacific,KR,Seoul,62
112.187.164.131,12150,443,True,ICN,Asia Pacific,KR,Seoul,62
59.9.14.95,50000,443,True,ICN,Asia Pacific,KR,Seoul,62
125.142.76.233,16064,443,True,ICN,Asia Pacific,KR,Seoul,62
125.136.51.42,14407,443,True,ICN,Asia Pacific,KR,Seoul,63
112.186.163.26,16073,443,True,ICN,Asia Pacific,KR,Seoul,63
125.138.82.133,50000,443,True,ICN,Asia Pacific,KR,Seoul,63
14.51.130.172,39422,443,True,ICN,Asia Pacific,KR,Seoul,63
125.130.43.83,12138,443,True,ICN,Asia Pacific,KR,Seoul,63
112.160.42.117,12418,443,True,ICN,Asia Pacific,KR,Seoul,63
222.97.154.107,50000,443,True,ICN,Asia Pacific,KR,Seoul,63
59.26.208.19,16102,443,True,ICN,Asia Pacific,KR,Seoul,64
222.104.23.36,11210,443,True,ICN,Asia Pacific,KR,Seoul,64
220.95.74.71,50000,443,True,ICN,Asia Pacific,KR,Seoul,64
175.198.156.202,12242,443,True,ICN,Asia Pacific,KR,Seoul,64
222.101.242.109,50000,443,True,ICN,Asia Pacific,KR,Seoul,64
211.196.226.172,12261,443,True,ICN,Asia Pacific,KR,Seoul,64
222.118.253.96,11300,443,True,ICN,Asia Pacific,KR,Seoul,64
211.196.13.250,50004,443,True,ICN,Asia Pacific,KR,Seoul,64
59.30.209.190,23128,443,True,ICN,Asia Pacific,KR,Seoul,64
222.113.238.36,11210,443,True,ICN,Asia Pacific,KR,Seoul,64
175.192.27.197,11401,443,True,ICN,Asia Pacific,KR,Seoul,64
59.26.208.19,16058,443,True,ICN,Asia Pacific,KR,Seoul,65
125.143.81.180,33060,443,True,ICN,Asia Pacific,KR,Seoul,65
112.186.198.253,17771,443,True,ICN,Asia Pacific,KR,Seoul,65
59.30.220.93,50000,443,True,ICN,Asia Pacific,KR,Seoul,65
112.167.135.13,50000,443,True,ICN,Asia Pacific,KR,Seoul,65
14.33.6.186,50000,443,True,ICN,Asia Pacific,KR,Seoul,65
125.134.183.238,39622,443,True,ICN,Asia Pacific,KR,Seoul,66
125.137.12.172,13443,443,True,ICN,Asia Pacific,KR,Seoul,66
59.11.89.252,12366,443,True,ICN,Asia Pacific,KR,Seoul,66
222.104.23.36,17070,443,True,ICN,Asia Pacific,KR,Seoul,66
125.136.219.92,12385,443,True,ICN,Asia Pacific,KR,Seoul,66
59.31.235.90,21249,443,True,ICN,Asia Pacific,KR,Seoul,66
203.228.113.47,50000,443,True,ICN,Asia Pacific,KR,Seoul,66
59.28.252.229,12406,443,True,ICN,Asia Pacific,KR,Seoul,66
211.253.198.246,12378,443,True,ICN,Asia Pacific,KR,Seoul,66
59.28.61.85,14006,443,True,ICN,Asia Pacific,KR,Seoul,66
125.136.51.42,12394,443,True,ICN,Asia Pacific,KR,Seoul,66
112.161.49.84,11681,443,True,ICN,Asia Pacific,KR,Seoul,66
112.162.27.11,10026,443,True,ICN,Asia Pacific,KR,Seoul,67
59.24.1.109,50000,443,True,ICN,Asia Pacific,KR,Seoul,67
175.198.156.202,14006,443,True,ICN,Asia Pacific,KR,Seoul,68
222.112.148.14,14523,443,True,ICN,Asia Pacific,KR,Seoul,68
222.113.74.67,50000,443,True,ICN,Asia Pacific,KR,Seoul,70
112.185.44.82,50004,443,True,ICN,Asia Pacific,KR,Seoul,70
222.105.146.163,12563,443,True,ICN,Asia Pacific,KR,Seoul,70
125.138.155.154,50000,443,True,ICN,Asia Pacific,KR,Seoul,70
222.112.148.14,11007,443,True,ICN,Asia Pacific,KR,Seoul,70
222.105.146.163,12402,443,True,ICN,Asia Pacific,KR,Seoul,70
175.192.27.197,16992,443,True,ICN,Asia Pacific,KR,Seoul,70
125.133.178.233,16098,443,True,ICN,Asia Pacific,KR,Seoul,70
220.92.80.44,50000,443,True,ICN,Asia Pacific,KR,Seoul,71
112.185.128.56,21083,443,True,ICN,Asia Pacific,KR,Seoul,71
210.179.71.53,12238,443,True,ICN,Asia Pacific,KR,Seoul,71
211.48.170.92,50000,443,True,ICN,Asia Pacific,KR,Seoul,71
14.52.220.149,16097,443,True,ICN,Asia Pacific,KR,Seoul,71
112.185.44.82,50000,443,True,ICN,Asia Pacific,KR,Seoul,71
59.30.203.246,50000,443,True,ICN,Asia Pacific,KR,Seoul,71
112.184.56.4,50000,443,True,ICN,Asia Pacific,KR,Seoul,71
59.26.204.175,19000,443,True,ICN,Asia Pacific,KR,Seoul,72
14.55.223.70,50000,443,True,ICN,Asia Pacific,KR,Seoul,72
59.29.22.210,50000,443,True,ICN,Asia Pacific,KR,Seoul,72
45.93.31.108,443,443,True,ICN,Asia Pacific,KR,Seoul,73
118.37.6.35,50000,443,True,ICN,Asia Pacific,KR,Seoul,73
125.141.54.180,16030,443,True,ICN,Asia Pacific,KR,Seoul,73
14.38.83.195,12201,443,True,ICN,Asia Pacific,KR,Seoul,73
59.25.215.87,50000,443,True,ICN,Asia Pacific,KR,Seoul,74
59.11.213.132,50000,443,True,ICN,Asia Pacific,KR,Seoul,74
222.119.232.157,12311,443,True,ICN,Asia Pacific,KR,Seoul,74
59.26.208.19,12311,443,True,ICN,Asia Pacific,KR,Seoul,74
112.160.98.132,12538,443,True,ICN,Asia Pacific,KR,Seoul,74
112.162.200.89,12339,443,True,ICN,Asia Pacific,KR,Seoul,74
112.164.239.188,50000,443,True,ICN,Asia Pacific,KR,Seoul,74
175.214.237.120,50000,443,True,ICN,Asia Pacific,KR,Seoul,74
14.37.128.148,50000,443,True,ICN,Asia Pacific,KR,Seoul,75
121.174.189.131,50000,443,True,ICN,Asia Pacific,KR,Seoul,75
119.195.178.143,12147,443,True,ICN,Asia Pacific,KR,Seoul,75
211.248.59.31,21303,443,True,ICN,Asia Pacific,KR,Seoul,75
61.77.102.56,25082,443,True,ICN,Asia Pacific,KR,Seoul,75
183.98.116.50,16086,443,True,ICN,Asia Pacific,KR,Seoul,75
14.42.89.42,50000,443,True,ICN,Asia Pacific,KR,Seoul,75
118.41.13.65,50000,443,True,ICN,Asia Pacific,KR,Seoul,75
119.197.86.171,50000,443,True,ICN,Asia Pacific,KR,Seoul,75
175.194.244.42,50000,443,True,ICN,Asia Pacific,KR,Seoul,76
119.202.197.163,50000,443,True,ICN,Asia Pacific,KR,Seoul,76
121.131.181.165,50000,443,True,ICN,Asia Pacific,KR,Seoul,76
125.135.4.15,11434,443,True,ICN,Asia Pacific,KR,Seoul,76
222.107.236.137,10042,443,True,ICN,Asia Pacific,KR,Seoul,76
211.222.42.126,50000,443,True,ICN,Asia Pacific,KR,Seoul,76
112.161.243.118,50000,443,True,ICN,Asia Pacific,KR,Seoul,76
59.11.33.9,50000,443,True,ICN,Asia Pacific,KR,Seoul,76
210.179.71.53,12347,443,True,ICN,Asia Pacific,KR,Seoul,76
221.157.0.159,50000,443,True,ICN,Asia Pacific,KR,Seoul,76
175.213.146.92,12403,443,True,ICN,Asia Pacific,KR,Seoul,76
183.108.26.140,40005,80,False,ICN,Asia Pacific,KR,Seoul,76
14.36.202.242,50000,443,True,ICN,Asia Pacific,KR,Seoul,76
222.102.166.18,12228,443,True,ICN,Asia Pacific,KR,Seoul,76
112.184.56.73,16058,443,True,ICN,Asia Pacific,KR,Seoul,76
121.143.19.38,12329,443,True,ICN,Asia Pacific,KR,Seoul,76
221.163.66.30,50000,443,True,ICN,Asia Pacific,KR,Seoul,76
59.6.182.61,50000,443,True,ICN,Asia Pacific,KR,Seoul,76
211.105.152.128,12458,443,True,ICN,Asia Pacific,KR,Seoul,76
121.191.143.11,50000,443,True,ICN,Asia Pacific,KR,Seoul,76
112.162.27.11,32400,443,True,ICN,Asia Pacific,KR,Seoul,76
112.163.175.120,18081,443,True,ICN,Asia Pacific,KR,Seoul,77
183.96.228.8,50000,443,True,ICN,Asia Pacific,KR,Seoul,77
59.28.26.96,31210,443,True,ICN,Asia Pacific,KR,Seoul,77
121.151.255.122,50000,443,True,ICN,Asia Pacific,KR,Seoul,77
220.118.59.213,12540,443,True,ICN,Asia Pacific,KR,Seoul,77
118.33.118.200,37215,443,True,ICN,Asia Pacific,KR,Seoul,77
211.229.116.209,50000,443,True,ICN,Asia Pacific,KR,Seoul,77
121.182.83.123,50000,443,True,ICN,Asia Pacific,KR,Seoul,77
220.124.146.194,50000,443,True,ICN,Asia Pacific,KR,Seoul,77
220.122.114.61,11481,443,True,ICN,Asia Pacific,KR,Seoul,77
175.208.162.19,50000,443,True,ICN,Asia Pacific,KR,Seoul,77
59.10.37.108,50000,443,True,ICN,Asia Pacific,KR,Seoul,77
222.113.18.205,12163,443,True,ICN,Asia Pacific,KR,Seoul,77
221.151.81.5,37022,443,True,ICN,Asia Pacific,KR,Seoul,77
59.0.52.174,50000,443,True,ICN,Asia Pacific,KR,Seoul,77
175.199.227.244,50000,443,True,ICN,Asia Pacific,KR,Seoul,77
118.33.118.200,12338,443,True,ICN,Asia Pacific,KR,Seoul,77
220.117.126.46,12462,443,True,ICN,Asia Pacific,KR,Seoul,77
211.184.62.104,35122,443,True,ICN,Asia Pacific,KR,Seoul,77
222.118.239.20,50009,443,True,ICN,Asia Pacific,KR,Seoul,77
220.121.176.109,50000,443,True,ICN,Asia Pacific,KR,Seoul,77
14.56.64.67,30021,443,True,ICN,Asia Pacific,KR,Seoul,78
121.191.4.124,12405,443,True,ICN,Asia Pacific,KR,Seoul,78
112.168.102.82,50000,443,True,ICN,Asia Pacific,KR,Seoul,78
211.195.14.28,50004,443,True,ICN,Asia Pacific,KR,Seoul,78
183.107.231.170,50000,443,True,ICN,Asia Pacific,KR,Seoul,78
211.222.226.132,30121,443,True,ICN,Asia Pacific,KR,Seoul,78
121.170.249.21,16052,443,True,ICN,Asia Pacific,KR,Seoul,78
211.253.198.246,11401,443,True,ICN,Asia Pacific,KR,Seoul,78
220.83.143.103,21245,443,True,ICN,Asia Pacific,KR,Seoul,78
218.147.114.82,50000,443,True,ICN,Asia Pacific,KR,Seoul,78
59.21.10.151,14407,443,True,ICN,Asia Pacific,KR,Seoul,78
175.201.20.188,50000,443,True,ICN,Asia Pacific,KR,Seoul,78
61.78.98.144,50000,443,True,ICN,Asia Pacific,KR,Seoul,78
14.55.44.104,12441,443,True,ICN,Asia Pacific,KR,Seoul,78
14.41.85.118,12101,443,True,ICN,Asia Pacific,KR,Seoul,78
121.175.54.93,50000,443,True,ICN,Asia Pacific,KR,Seoul,78
61.76.103.218,12398,443,True,ICN,Asia Pacific,KR,Seoul,78
14.32.158.138,16005,443,True,ICN,Asia Pacific,KR,Seoul,78
222.108.106.148,11443,443,True,ICN,Asia Pacific,KR,Seoul,78
175.199.46.179,50003,443,True,ICN,Asia Pacific,KR,Seoul,78
115.23.95.237,50000,443,True,ICN,Asia Pacific,KR,Seoul,78
121.143.19.38,12186,443,True,ICN,Asia Pacific,KR,Seoul,78
118.43.109.106,50004,443,True,ICN,Asia Pacific,KR,Seoul,78
112.187.164.131,10380,443,True,ICN,Asia Pacific,KR,Seoul,78
210.99.179.237,50000,443,True,ICN,Asia Pacific,KR,Seoul,78
220.118.39.235,50000,443,True,ICN,Asia Pacific,KR,Seoul,79
61.75.239.16,50000,443,True,ICN,Asia Pacific,KR,Seoul,79
121.181.106.59,50000,443,True,ICN,Asia Pacific,KR,Seoul,79
183.107.205.136,30023,443,True,ICN,Asia Pacific,KR,Seoul,79
210.217.9.130,37722,443,True,ICN,Asia Pacific,KR,Seoul,79
175.200.21.218,50000,443,True,ICN,Asia Pacific,KR,Seoul,79
14.39.43.121,12113,443,True,ICN,Asia Pacific,KR,Seoul,79
183.100.60.128,12486,443,True,ICN,Asia Pacific,KR,Seoul,79
121.133.131.202,12380,443,True,ICN,Asia Pacific,KR,Seoul,79
121.174.151.223,40005,80,False,ICN,Asia Pacific,KR,Seoul,79
112.162.138.75,50000,443,True,ICN,Asia Pacific,KR,Seoul,79
14.39.43.121,12235,443,True,ICN,Asia Pacific,KR,Seoul,79
175.207.52.161,50004,443,True,ICN,Asia Pacific,KR,Seoul,79
14.34.228.40,12235,443,True,ICN,Asia Pacific,KR,Seoul,79
121.156.172.148,12304,443,True,ICN,Asia Pacific,KR,Seoul,79
121.176.73.45,19091,443,True,ICN,Asia Pacific,KR,Seoul,79
121.139.174.91,40005,80,False,ICN,Asia Pacific,KR,Seoul,79
222.120.196.136,10043,443,True,ICN,Asia Pacific,KR,Seoul,79
222.97.207.98,16030,443,True,ICN,Asia Pacific,KR,Seoul,79
222.104.23.36,11182,443,True,ICN,Asia Pacific,KR,Seoul,79
121.190.166.239,50000,443,True,ICN,Asia Pacific,KR,Seoul,79
210.204.196.41,12391,443,True,ICN,Asia Pacific,KR,Seoul,79
218.159.144.108,36982,443,True,ICN,Asia Pacific,KR,Seoul,79
221.162.211.29,16012,443,True,ICN,Asia Pacific,KR,Seoul,79
222.120.45.127,40005,80,False,ICN,Asia Pacific,KR,Seoul,79
14.46.185.100,50000,443,True,ICN,Asia Pacific,KR,Seoul,80
220.79.216.115,50000,443,True,ICN,Asia Pacific,KR,Seoul,80
61.79.85.93,50000,443,True,ICN,Asia Pacific,KR,Seoul,80
121.172.164.106,29984,443,True,ICN,Asia Pacific,KR,Seoul,80
220.89.230.125,40005,80,False,ICN,Asia Pacific,KR,Seoul,80
121.156.88.192,50000,443,True,ICN,Asia Pacific,KR,Seoul,80
119.200.155.133,50000,443,True,ICN,Asia Pacific,KR,Seoul,80
121.176.15.93,50022,443,True,ICN,Asia Pacific,KR,Seoul,80
59.21.90.161,50003,443,True,ICN,Asia Pacific,KR,Seoul,80
14.32.158.138,12373,443,True,ICN,Asia Pacific,KR,Seoul,80
119.206.228.244,50000,443,True,ICN,Asia Pacific,KR,Seoul,80
119.195.219.150,21282,443,True,ICN,Asia Pacific,KR,Seoul,80
121.156.223.249,12120,443,True,ICN,Asia Pacific,KR,Seoul,80
210.126.75.169,50000,443,True,ICN,Asia Pacific,KR,Seoul,80
121.176.171.238,12505,443,True,ICN,Asia Pacific,KR,Seoul,80
119.194.79.217,12524,443,True,ICN,Asia Pacific,KR,Seoul,80
220.77.102.95,50000,443,True,ICN,Asia Pacific,KR,Seoul,80
211.198.26.197,50000,443,True,ICN,Asia Pacific,KR,Seoul,80
221.151.132.137,18102,443,True,ICN,Asia Pacific,KR,Seoul,80
14.37.101.98,21323,443,True,ICN,Asia Pacific,KR,Seoul,80
220.84.213.25,12153,443,True,ICN,Asia Pacific,KR,Seoul,80
210.105.14.86,10443,443,True,ICN,Asia Pacific,KR,Seoul,80
211.226.243.34,50000,443,True,ICN,Asia Pacific,KR,Seoul,80
121.135.81.139,30011,443,True,ICN,Asia Pacific,KR,Seoul,80
218.147.120.55,12468,443,True,ICN,Asia Pacific,KR,Seoul,80
115.23.45.52,30701,443,True,ICN,Asia Pacific,KR,Seoul,80
121.135.122.181,19090,443,True,ICN,Asia Pacific,KR,Seoul,80
14.56.64.67,50003,443,True,ICN,Asia Pacific,KR,Seoul,81
175.212.101.134,50000,443,True,ICN,Asia Pacific,KR,Seoul,81
112.164.28.162,50000,443,True,ICN,Asia Pacific,KR,Seoul,81
222.96.71.191,39622,443,True,ICN,Asia Pacific,KR,Seoul,81
118.35.142.122,50000,443,True,ICN,Asia Pacific,KR,Seoul,81
175.208.103.63,12112,443,True,ICN,Asia Pacific,KR,Seoul,81
112.167.23.86,21025,443,True,ICN,Asia Pacific,KR,Seoul,81
125.134.160.98,50000,443,True,ICN,Asia Pacific,KR,Seoul,81
121.129.69.203,50000,443,True,ICN,Asia Pacific,KR,Seoul,81
59.11.33.164,12186,443,True,ICN,Asia Pacific,KR,Seoul,81
220.71.116.165,50000,443,True,ICN,Asia Pacific,KR,Seoul,81
14.56.200.10,50000,443,True,ICN,Asia Pacific,KR,Seoul,81
119.204.199.18,50003,443,True,ICN,Asia Pacific,KR,Seoul,81
121.134.70.116,12249,443,True,ICN,Asia Pacific,KR,Seoul,81
119.202.5.220,50000,443,True,ICN,Asia Pacific,KR,Seoul,81
221.164.165.14,50004,443,True,ICN,Asia Pacific,KR,Seoul,81
117.123.168.27,50000,443,True,ICN,Asia Pacific,KR,Seoul,81
59.1.170.106,50000,443,True,ICN,Asia Pacific,KR,Seoul,81
183.100.19.19,50000,443,True,ICN,Asia Pacific,KR,Seoul,81
14.44.35.199,50000,443,True,ICN,Asia Pacific,KR,Seoul,82
121.169.140.190,12329,443,True,ICN,Asia Pacific,KR,Seoul,82
211.51.247.247,12419,443,True,ICN,Asia Pacific,KR,Seoul,82
118.43.181.146,12413,443,True,ICN,Asia Pacific,KR,Seoul,82
59.29.143.247,12225,443,True,ICN,Asia Pacific,KR,Seoul,82
125.137.235.104,35531,443,True,ICN,Asia Pacific,KR,Seoul,82
121.187.191.193,50000,443,True,ICN,Asia Pacific,KR,Seoul,82
221.164.145.116,50000,443,True,ICN,Asia Pacific,KR,Seoul,82
61.79.30.205,50000,443,True,ICN,Asia Pacific,KR,Seoul,82
211.199.65.186,10065,443,True,ICN,Asia Pacific,KR,Seoul,82
61.85.119.177,50000,443,True,ICN,Asia Pacific,KR,Seoul,82
175.206.157.71,50003,443,True,ICN,Asia Pacific,KR,Seoul,82
183.96.243.131,50000,443,True,ICN,Asia Pacific,KR,Seoul,82
211.218.156.35,50000,443,True,ICN,Asia Pacific,KR,Seoul,82
121.178.237.136,50000,443,True,ICN,Asia Pacific,KR,Seoul,82
211.197.138.121,18013,443,True,ICN,Asia Pacific,KR,Seoul,82
14.47.55.182,12438,443,True,ICN,Asia Pacific,KR,Seoul,82
121.144.201.72,10026,443,True,ICN,Asia Pacific,KR,Seoul,82
220.71.199.115,10001,443,True,ICN,Asia Pacific,KR,Seoul,82
121.141.36.55,32764,443,True,ICN,Asia Pacific,KR,Seoul,82
220.93.18.15,50000,443,True,ICN,Asia Pacific,KR,Seoul,82
121.177.19.87,50000,443,True,ICN,Asia Pacific,KR,Seoul,82
211.230.79.97,50000,443,True,ICN,Asia Pacific,KR,Seoul,82
221.159.163.60,50000,443,True,ICN,Asia Pacific,KR,Seoul,82
211.196.114.71,50000,443,True,ICN,Asia Pacific,KR,Seoul,82
61.76.42.43,50003,443,True,ICN,Asia Pacific,KR,Seoul,82
211.199.127.208,21250,443,True,ICN,Asia Pacific,KR,Seoul,82
112.165.100.131,18109,443,True,ICN,Asia Pacific,KR,Seoul,82
211.219.199.21,50000,443,True,ICN,Asia Pacific,KR,Seoul,82
210.99.204.14,10016,443,True,ICN,Asia Pacific,KR,Seoul,82
222.112.148.14,18039,443,True,ICN,Asia Pacific,KR,Seoul,82
59.27.71.195,12324,443,True,ICN,Asia Pacific,KR,Seoul,82
220.78.176.158,18059,443,True,ICN,Asia Pacific,KR,Seoul,82
121.151.79.187,50000,443,True,ICN,Asia Pacific,KR,Seoul,82
121.130.24.109,40005,80,False,ICN,Asia Pacific,KR,Seoul,83
125.135.9.238,50000,443,True,ICN,Asia Pacific,KR,Seoul,83
175.204.39.240,50000,443,True,ICN,Asia Pacific,KR,Seoul,83
175.201.220.169,19222,443,True,ICN,Asia Pacific,KR,Seoul,83
118.46.24.50,50000,443,True,ICN,Asia Pacific,KR,Seoul,83
121.155.61.102,21233,443,True,ICN,Asia Pacific,KR,Seoul,83
220.80.26.23,10003,443,True,ICN,Asia Pacific,KR,Seoul,83
220.72.70.53,10256,443,True,ICN,Asia Pacific,KR,Seoul,83
211.114.129.163,18081,443,True,ICN,Asia Pacific,KR,Seoul,83
121.186.113.93,50000,443,True,ICN,Asia Pacific,KR,Seoul,83
121.135.194.124,50000,443,True,ICN,Asia Pacific,KR,Seoul,83
112.161.226.144,50000,443,True,ICN,Asia Pacific,KR,Seoul,83
211.226.243.116,50000,443,True,ICN,Asia Pacific,KR,Seoul,83
220.72.245.245,50000,443,True,ICN,Asia Pacific,KR,Seoul,84
220.90.220.217,12537,443,True,ICN,Asia Pacific,KR,Seoul,84
221.165.8.35,50000,443,True,ICN,Asia Pacific,KR,Seoul,84
61.78.80.72,10027,443,True,ICN,Asia Pacific,KR,Seoul,84
222.114.4.16,50000,443,True,ICN,Asia Pacific,KR,Seoul,84
220.74.106.40,50000,443,True,ICN,Asia Pacific,KR,Seoul,84
220.117.32.177,11300,443,True,ICN,Asia Pacific,KR,Seoul,84
222.117.185.28,12485,443,True,ICN,Asia Pacific,KR,Seoul,84
221.159.9.76,50004,443,True,ICN,Asia Pacific,KR,Seoul,84
220.89.23.192,12281,443,True,ICN,Asia Pacific,KR,Seoul,84
124.80.43.124,12290,443,True,ICN,Asia Pacific,KR,Seoul,84
14.43.108.144,12337,443,True,ICN,Asia Pacific,KR,Seoul,84
14.36.108.231,50000,443,True,ICN,Asia Pacific,KR,Seoul,84
118.44.6.202,16039,443,True,ICN,Asia Pacific,KR,Seoul,84
175.198.138.31,10036,443,True,ICN,Asia Pacific,KR,Seoul,84
222.110.201.218,50000,443,True,ICN,Asia Pacific,KR,Seoul,84
121.169.140.190,11601,443,True,ICN,Asia Pacific,KR,Seoul,85
220.126.187.68,50000,443,True,ICN,Asia Pacific,KR,Seoul,85
220.120.102.93,10008,443,True,ICN,Asia Pacific,KR,Seoul,85
211.105.138.237,12392,443,True,ICN,Asia Pacific,KR,Seoul,85
221.145.188.45,50004,443,True,ICN,Asia Pacific,KR,Seoul,85
175.204.177.250,50000,443,True,ICN,Asia Pacific,KR,Seoul,85
14.54.222.65,50000,443,True,ICN,Asia Pacific,KR,Seoul,85
222.114.4.16,50004,443,True,ICN,Asia Pacific,KR,Seoul,85
211.185.88.225,50000,443,True,ICN,Asia Pacific,KR,Seoul,85
175.199.13.196,12141,443,True,ICN,Asia Pacific,KR,Seoul,85
121.141.36.55,12171,443,True,ICN,Asia Pacific,KR,Seoul,85
119.201.54.90,12486,443,True,ICN,Asia Pacific,KR,Seoul,85
218.147.120.55,10007,443,True,ICN,Asia Pacific,KR,Seoul,85
220.89.230.125,50000,443,True,ICN,Asia Pacific,KR,Seoul,85
59.1.59.225,50000,443,True,ICN,Asia Pacific,KR,Seoul,85
220.76.132.167,10225,443,True,ICN,Asia Pacific,KR,Seoul,85
221.152.7.191,22000,443,True,ICN,Asia Pacific,KR,Seoul,85
14.52.220.149,32746,443,True,ICN,Asia Pacific,KR,Seoul,86
118.35.85.221,50000,443,True,ICN,Asia Pacific,KR,Seoul,86
220.90.247.28,50000,443,True,ICN,Asia Pacific,KR,Seoul,86
118.37.18.102,50000,443,True,ICN,Asia Pacific,KR,Seoul,86
183.102.218.139,18035,443,True,ICN,Asia Pacific,KR,Seoul,86
221.152.242.211,12500,443,True,ICN,Asia Pacific,KR,Seoul,86
59.4.167.4,12399,443,True,ICN,Asia Pacific,KR,Seoul,86
211.51.247.247,12317,443,True,ICN,Asia Pacific,KR,Seoul,86
59.19.15.198,18054,443,True,ICN,Asia Pacific,KR,Seoul,86
211.251.7.76,50000,443,True,ICN,Asia Pacific,KR,Seoul,86
183.102.27.216,50000,443,True,ICN,Asia Pacific,KR,Seoul,86
59.28.147.70,38922,443,True,ICN,Asia Pacific,KR,Seoul,86
222.102.190.56,50000,443,True,ICN,Asia Pacific,KR,Seoul,86
175.207.106.91,12228,443,True,ICN,Asia Pacific,KR,Seoul,86
118.35.89.54,12162,443,True,ICN,Asia Pacific,KR,Seoul,86
175.202.81.32,50000,443,True,ICN,Asia Pacific,KR,Seoul,87
59.7.67.173,36122,443,True,ICN,Asia Pacific,KR,Seoul,87
119.196.99.205,12424,443,True,ICN,Asia Pacific,KR,Seoul,87
59.2.97.28,40005,80,False,ICN,Asia Pacific,KR,Seoul,87
125.141.54.180,12469,443,True,ICN,Asia Pacific,KR,Seoul,87
221.166.156.189,50000,443,True,ICN,Asia Pacific,KR,Seoul,87
221.153.63.24,50000,443,True,ICN,Asia Pacific,KR,Seoul,87
118.44.64.9,50000,443,True,ICN,Asia Pacific,KR,Seoul,87
175.205.86.108,32822,443,True,ICN,Asia Pacific,KR,Seoul,87
221.153.26.138,50000,443,True,ICN,Asia Pacific,KR,Seoul,87
183.106.162.127,18888,443,True,ICN,Asia Pacific,KR,Seoul,87
14.54.26.190,21282,443,True,ICN,Asia Pacific,KR,Seoul,87
183.104.92.31,18048,443,True,ICN,Asia Pacific,KR,Seoul,87
175.212.44.200,50000,443,True,ICN,Asia Pacific,KR,Seoul,87
61.84.78.175,14147,443,True,ICN,Asia Pacific,KR,Seoul,87
112.171.28.240,12183,443,True,ICN,Asia Pacific,KR,Seoul,87
14.44.24.206,50000,443,True,ICN,Asia Pacific,KR,Seoul,87
218.147.120.55,12227,443,True,ICN,Asia Pacific,KR,Seoul,87
59.31.120.135,21301,443,True,ICN,Asia Pacific,KR,Seoul,87
211.198.0.110,12496,443,True,ICN,Asia Pacific,KR,Seoul,87
220.77.136.119,50000,443,True,ICN,Asia Pacific,KR,Seoul,87
175.201.168.246,39222,443,True,ICN,Asia Pacific,KR,Seoul,87
112.187.147.71,16085,443,True,ICN,Asia Pacific,KR,Seoul,87
59.18.208.224,10393,443,True,ICN,Asia Pacific,KR,Seoul,87
112.160.207.243,50000,443,True,ICN,Asia Pacific,KR,Seoul,88
14.56.82.93,12445,443,True,ICN,Asia Pacific,KR,Seoul,88
59.19.231.65,12540,443,True,ICN,Asia Pacific,KR,Seoul,88
59.187.232.237,50000,443,True,ICN,Asia Pacific,KR,Seoul,88
121.170.58.187,12322,443,True,ICN,Asia Pacific,KR,Seoul,88
175.206.44.254,20900,443,True,ICN,Asia Pacific,KR,Seoul,88
121.165.5.187,10015,443,True,ICN,Asia Pacific,KR,Seoul,88
211.222.114.14,50000,443,True,ICN,Asia Pacific,KR,Seoul,88
183.104.92.31,12482,443,True,ICN,Asia Pacific,KR,Seoul,88
118.43.189.210,50000,443,True,ICN,Asia Pacific,KR,Seoul,88
210.113.7.61,11371,443,True,ICN,Asia Pacific,KR,Seoul,88
118.46.28.170,16667,443,True,ICN,Asia Pacific,KR,Seoul,88
221.156.180.102,16076,443,True,ICN,Asia Pacific,KR,Seoul,88
211.253.196.188,50000,443,True,ICN,Asia Pacific,KR,Seoul,88
211.54.248.91,12590,443,True,ICN,Asia Pacific,KR,Seoul,88
14.38.164.139,50000,443,True,ICN,Asia Pacific,KR,Seoul,88
121.174.143.49,35522,443,True,ICN,Asia Pacific,KR,Seoul,89
220.127.134.32,18245,443,True,ICN,Asia Pacific,KR,Seoul,89
59.18.208.224,12212,443,True,ICN,Asia Pacific,KR,Seoul,89
14.32.158.138,16076,443,True,ICN,Asia Pacific,KR,Seoul,89
220.80.154.29,16072,443,True,ICN,Asia Pacific,KR,Seoul,89
221.163.102.207,50000,443,True,ICN,Asia Pacific,KR,Seoul,89
121.181.159.174,10044,443,True,ICN,Asia Pacific,KR,Seoul,89
14.38.228.88,50000,443,True,ICN,Asia Pacific,KR,Seoul,89
220.118.230.91,50000,443,True,ICN,Asia Pacific,KR,Seoul,89
118.41.71.28,36982,443,True,ICN,Asia Pacific,KR,Seoul,89
175.201.127.138,50000,443,True,ICN,Asia Pacific,KR,Seoul,89
121.156.155.161,18021,443,True,ICN,Asia Pacific,KR,Seoul,89
220.80.26.23,10066,443,True,ICN,Asia Pacific,KR,Seoul,89
125.134.123.178,50000,443,True,ICN,Asia Pacific,KR,Seoul,89
118.34.162.30,12560,443,True,ICN,Asia Pacific,KR,Seoul,89
119.194.79.217,12123,443,True,ICN,Asia Pacific,KR,Seoul,89
220.122.59.161,12125,443,True,ICN,Asia Pacific,KR,Seoul,89
211.63.170.125,50000,443,True,ICN,Asia Pacific,KR,Seoul,89
121.163.24.128,12447,443,True,ICN,Asia Pacific,KR,Seoul,89
175.215.55.144,12114,443,True,ICN,Asia Pacific,KR,Seoul,89
211.223.120.221,12104,443,True,ICN,Asia Pacific,KR,Seoul,89
125.140.211.166,12401,443,True,ICN,Asia Pacific,KR,Seoul,89
183.102.218.139,12251,443,True,ICN,Asia Pacific,KR,Seoul,89
121.161.175.207,15002,443,True,ICN,Asia Pacific,KR,Seoul,90
218.150.225.33,50000,443,True,ICN,Asia Pacific,KR,Seoul,90
220.80.154.29,12220,443,True,ICN,Asia Pacific,KR,Seoul,90
121.142.145.245,50000,443,True,ICN,Asia Pacific,KR,Seoul,90
14.46.72.102,11434,443,True,ICN,Asia Pacific,KR,Seoul,90
220.122.112.188,11112,443,True,ICN,Asia Pacific,KR,Seoul,90
220.90.220.217,16039,443,True,ICN,Asia Pacific,KR,Seoul,90
59.30.32.240,12244,443,True,ICN,Asia Pacific,KR,Seoul,90
14.53.147.166,12163,443,True,ICN,Asia Pacific,KR,Seoul,90
220.84.186.17,12177,443,True,ICN,Asia Pacific,KR,Seoul,90
221.165.212.251,17776,443,True,ICN,Asia Pacific,KR,Seoul,90
211.105.138.237,38622,443,True,ICN,Asia Pacific,KR,Seoul,90
112.166.89.157,50000,443,True,ICN,Asia Pacific,KR,Seoul,91
121.131.179.202,21317,443,True,ICN,Asia Pacific,KR,Seoul,91
175.215.154.208,17070,443,True,ICN,Asia Pacific,KR,Seoul,91
210.179.71.53,14024,443,True,ICN,Asia Pacific,KR,Seoul,91
211.38.105.15,12425,443,True,ICN,Asia Pacific,KR,Seoul,91
220.95.94.14,12366,443,True,ICN,Asia Pacific,KR,Seoul,91
121.159.68.210,12502,443,True,ICN,Asia Pacific,KR,Seoul,91
168.126.210.143,18093,443,True,ICN,Asia Pacific,KR,Seoul,91
14.56.226.68,12255,443,True,ICN,Asia Pacific,KR,Seoul,91
121.160.70.160,33522,443,True,ICN,Asia Pacific,KR,Seoul,91
14.48.60.221,17780,443,True,ICN,Asia Pacific,KR,Seoul,91
61.81.154.41,50004,443,True,ICN,Asia Pacific,KR,Seoul,91
119.197.193.166,10443,443,True,ICN,Asia Pacific,KR,Seoul,91
183.108.176.121,50000,443,True,ICN,Asia Pacific,KR,Seoul,91
121.176.152.194,10011,443,True,ICN,Asia Pacific,KR,Seoul,91
175.201.21.227,18077,443,True,ICN,Asia Pacific,KR,Seoul,91
222.100.242.124,50000,443,True,ICN,Asia Pacific,KR,Seoul,91
220.94.34.138,21254,443,True,ICN,Asia Pacific,KR,Seoul,91
59.1.22.30,50000,443,True,ICN,Asia Pacific,KR,Seoul,92
183.105.224.204,11112,443,True,ICN,Asia Pacific,KR,Seoul,92
222.114.255.170,14900,443,True,ICN,Asia Pacific,KR,Seoul,92
125.133.28.143,18072,443,True,ICN,Asia Pacific,KR,Seoul,92
220.123.48.124,12273,443,True,ICN,Asia Pacific,KR,Seoul,92
121.159.206.244,50000,443,True,ICN,Asia Pacific,KR,Seoul,92
59.2.135.67,50003,443,True,ICN,Asia Pacific,KR,Seoul,92
220.82.73.154,20010,443,True,ICN,Asia Pacific,KR,Seoul,92
121.171.222.174,12447,443,True,ICN,Asia Pacific,KR,Seoul,92
121.182.173.72,11434,443,True,ICN,Asia Pacific,KR,Seoul,92
61.76.188.119,21253,443,True,ICN,Asia Pacific,KR,Seoul,92
221.151.204.241,50000,443,True,ICN,Asia Pacific,KR,Seoul,92
175.201.220.169,12367,443,True,ICN,Asia Pacific,KR,Seoul,92
121.177.132.65,50000,443,True,ICN,Asia Pacific,KR,Seoul,92
59.6.121.213,50000,443,True,ICN,Asia Pacific,KR,Seoul,92
121.174.140.80,10943,443,True,ICN,Asia Pacific,KR,Seoul,93
175.204.247.79,50003,443,True,ICN,Asia Pacific,KR,Seoul,93
112.186.189.42,30027,443,True,ICN,Asia Pacific,KR,Seoul,93
211.248.59.31,16401,443,True,ICN,Asia Pacific,KR,Seoul,93
121.155.61.102,30001,443,True,ICN,Asia Pacific,KR,Seoul,93
119.195.173.74,12124,443,True,ICN,Asia Pacific,KR,Seoul,93
221.164.142.10,50000,443,True,ICN,Asia Pacific,KR,Seoul,93
121.188.230.88,16089,443,True,ICN,Asia Pacific,KR,Seoul,93
168.126.66.181,40005,80,False,ICN,Asia Pacific,KR,Seoul,93
221.165.212.251,10000,443,True,ICN,Asia Pacific,KR,Seoul,94
183.108.47.67,21265,443,True,ICN,Asia Pacific,KR,Seoul,94
218.158.237.233,12133,443,True,ICN,Asia Pacific,KR,Seoul,94
220.121.8.172,50000,443,True,ICN,Asia Pacific,KR,Seoul,94
121.174.193.144,50000,443,True,ICN,Asia Pacific,KR,Seoul,94
211.114.112.103,30050,443,True,ICN,Asia Pacific,KR,Seoul,94
210.91.248.217,10008,443,True,ICN,Asia Pacific,KR,Seoul,94
118.43.11.24,50000,443,True,ICN,Asia Pacific,KR,Seoul,94
121.166.207.160,50000,443,True,ICN,Asia Pacific,KR,Seoul,94
59.21.90.161,50000,443,True,ICN,Asia Pacific,KR,Seoul,95
221.153.15.107,50000,443,True,ICN,Asia Pacific,KR,Seoul,95
14.43.108.144,12316,443,True,ICN,Asia Pacific,KR,Seoul,95
175.196.178.94,39922,443,True,ICN,Asia Pacific,KR,Seoul,95
175.213.245.239,50000,443,True,ICN,Asia Pacific,KR,Seoul,95
221.149.111.73,50000,443,True,ICN,Asia Pacific,KR,Seoul,95
121.187.173.201,10028,443,True,ICN,Asia Pacific,KR,Seoul,95
218.146.234.188,10052,443,True,ICN,Asia Pacific,KR,Seoul,95
211.230.64.93,12508,443,True,ICN,Asia Pacific,KR,Seoul,95
218.145.234.206,12478,443,True,ICN,Asia Pacific,KR,Seoul,96
125.133.178.233,12088,443,True,ICN,Asia Pacific,KR,Seoul,96
115.21.51.7,50005,443,True,ICN,Asia Pacific,KR,Seoul,96
222.114.124.22,18074,443,True,ICN,Asia Pacific,KR,Seoul,96
112.165.52.204,50000,443,True,ICN,Asia Pacific,KR,Seoul,96
183.107.78.213,31210,443,True,ICN,Asia Pacific,KR,Seoul,96
112.160.42.117,12463,443,True,ICN,Asia Pacific,KR,Seoul,96
118.41.71.28,12488,443,True,ICN,Asia Pacific,KR,Seoul,96
121.139.47.94,12214,443,True,ICN,Asia Pacific,KR,Seoul,96
211.197.162.231,12348,443,True,ICN,Asia Pacific,KR,Seoul,96
61.74.102.249,50000,443,True,ICN,Asia Pacific,KR,Seoul,97
221.147.198.86,50000,443,True,ICN,Asia Pacific,KR,Seoul,97
175.205.86.108,20084,443,True,ICN,Asia Pacific,KR,Seoul,97
220.127.49.73,14443,443,True,ICN,Asia Pacific,KR,Seoul,97
121.174.135.183,18032,443,True,ICN,Asia Pacific,KR,Seoul,97
121.146.124.21,12544,443,True,ICN,Asia Pacific,KR,Seoul,97
211.54.54.174,12241,443,True,ICN,Asia Pacific,KR,Seoul,97
121.153.173.117,50000,443,True,ICN,Asia Pacific,KR,Seoul,97
59.21.141.95,50000,443,True,ICN,Asia Pacific,KR,Seoul,97
59.23.24.41,50000,443,True,ICN,Asia Pacific,KR,Seoul,97
183.101.243.99,12576,443,True,ICN,Asia Pacific,KR,Seoul,97
121.143.95.1,50000,443,True,ICN,Asia Pacific,KR,Seoul,98
121.131.142.231,11184,443,True,ICN,Asia Pacific,KR,Seoul,98
175.203.70.157,50000,443,True,ICN,Asia Pacific,KR,Seoul,98
115.22.115.218,50000,443,True,ICN,Asia Pacific,KR,Seoul,98
61.84.74.108,50000,443,True,ICN,Asia Pacific,KR,Seoul,98
183.96.204.49,50000,443,True,ICN,Asia Pacific,KR,Seoul,98
14.32.158.138,12141,443,True,ICN,Asia Pacific,KR,Seoul,98
220.118.153.222,10038,443,True,ICN,Asia Pacific,KR,Seoul,98
222.113.18.206,16085,443,True,ICN,Asia Pacific,KR,Seoul,98
121.162.96.66,50000,443,True,ICN,Asia Pacific,KR,Seoul,98
220.116.195.147,50000,443,True,ICN,Asia Pacific,KR,Seoul,98
222.119.15.241,50000,443,True,ICN,Asia Pacific,KR,Seoul,98
220.119.115.101,28443,443,True,ICN,Asia Pacific,KR,Seoul,99
211.218.227.36,33522,443,True,ICN,Asia Pacific,KR,Seoul,99
121.128.161.235,10201,443,True,ICN,Asia Pacific,KR,Seoul,99
221.154.46.231,50000,443,True,ICN,Asia Pacific,KR,Seoul,99
121.148.224.226,50000,443,True,ICN,Asia Pacific,KR,Seoul,99
121.171.82.130,40005,80,False,ICN,Asia Pacific,KR,Seoul,99
183.99.89.152,12435,443,True,ICN,Asia Pacific,KR,Seoul,99
118.37.234.81,50000,443,True,ICN,Asia Pacific,KR,Seoul,99
14.54.26.190,21315,443,True,ICN,Asia Pacific,KR,Seoul,99
221.152.242.211,10004,443,True,ICN,Asia Pacific,KR,Seoul,99
211.199.65.186,18029,443,True,ICN,Asia Pacific,KR,Seoul,99
218.159.247.62,12297,443,True,ICN,Asia Pacific,KR,Seoul,99
220.122.139.164,16993,443,True,ICN,Asia Pacific,KR,Seoul,100
115.23.196.54,50000,443,True,ICN,Asia Pacific,KR,Seoul,100
121.158.194.126,50000,443,True,ICN,Asia Pacific,KR,Seoul,100
211.230.64.93,10201,443,True,ICN,Asia Pacific,KR,Seoul,100
211.184.145.91,19999,443,True,ICN,Asia Pacific,KR,Seoul,100
14.48.60.221,12185,443,True,ICN,Asia Pacific,KR,Seoul,100
211.33.238.198,12392,443,True,ICN,Asia Pacific,KR,Seoul,100
61.77.152.143,50000,443,True,ICN,Asia Pacific,KR,Seoul,100
221.160.136.107,50003,443,True,ICN,Asia Pacific,KR,Seoul,100
119.201.4.33,30023,443,True,ICN,Asia Pacific,KR,Seoul,100
175.204.2.90,50000,443,True,ICN,Asia Pacific,KR,Seoul,100
14.47.160.140,50000,443,True,ICN,Asia Pacific,KR,Seoul,100
121.145.59.207,21302,443,True,ICN,Asia Pacific,KR,Seoul,100
61.73.172.225,50000,443,True,ICN,Asia Pacific,KR,Seoul,100
59.28.221.89,12145,443,True,ICN,Asia Pacific,KR,Seoul,100
220.80.11.79,12536,443,True,ICN,Asia Pacific,KR,Seoul,100
211.199.65.186,12449,443,True,ICN,Asia Pacific,KR,Seoul,100
14.35.136.248,50000,443,True,ICN,Asia Pacific,KR,Seoul,101
211.221.93.17,50000,443,True,ICN,Asia Pacific,KR,Seoul,101
112.185.53.230,16992,443,True,ICN,Asia Pacific,KR,Seoul,101
183.98.176.45,50000,443,True,ICN,Asia Pacific,KR,Seoul,101
211.54.182.174,50000,443,True,ICN,Asia Pacific,KR,Seoul,101
118.40.208.174,12233,443,True,ICN,Asia Pacific,KR,Seoul,101
175.204.194.186,21236,443,True,ICN,Asia Pacific,KR,Seoul,101
118.41.71.28,21297,443,True,ICN,Asia Pacific,KR,Seoul,101
218.147.120.55,11084,443,True,ICN,Asia Pacific,KR,Seoul,101
119.201.54.183,12188,443,True,ICN,Asia Pacific,KR,Seoul,101
119.199.164.158,50000,443,True,ICN,Asia Pacific,KR,Seoul,102
211.230.73.232,12385,443,True,ICN,Asia Pacific,KR,Seoul,102
175.215.156.46,12328,443,True,ICN,Asia Pacific,KR,Seoul,102
121.162.208.57,50000,443,True,ICN,Asia Pacific,KR,Seoul,102
211.184.228.25,30700,443,True,ICN,Asia Pacific,KR,Seoul,102
218.147.120.55,12418,443,True,ICN,Asia Pacific,KR,Seoul,102
221.145.181.124,10011,443,True,ICN,Asia Pacific,KR,Seoul,102
221.163.173.252,50000,443,True,ICN,Asia Pacific,KR,Seoul,102
183.109.44.171,50000,443,True,ICN,Asia Pacific,KR,Seoul,102
211.222.185.41,12424,443,True,ICN,Asia Pacific,KR,Seoul,102
61.85.124.97,50000,443,True,ICN,Asia Pacific,KR,Seoul,102
115.23.70.43,50000,443,True,ICN,Asia Pacific,KR,Seoul,102
118.44.153.142,16013,443,True,ICN,Asia Pacific,KR,Seoul,103
218.145.234.206,21309,443,True,ICN,Asia Pacific,KR,Seoul,103
112.185.223.82,50000,443,True,ICN,Asia Pacific,KR,Seoul,103
118.45.196.165,12247,443,True,ICN,Asia Pacific,KR,Seoul,103
119.193.165.231,36505,443,True,ICN,Asia Pacific,KR,Seoul,103
222.96.126.222,12247,443,True,ICN,Asia Pacific,KR,Seoul,103
119.207.99.81,11371,443,True,ICN,Asia Pacific,KR,Seoul,103
118.40.67.50,40005,80,False,ICN,Asia Pacific,KR,Seoul,103
121.188.16.215,50000,443,True,ICN,Asia Pacific,KR,Seoul,103
175.211.38.237,50003,443,True,ICN,Asia Pacific,KR,Seoul,103
14.45.166.92,50000,443,True,ICN,Asia Pacific,KR,Seoul,103
59.1.22.30,50004,443,True,ICN,Asia Pacific,KR,Seoul,103
175.212.27.19,50003,443,True,ICN,Asia Pacific,KR,Seoul,103
118.43.88.144,50000,443,True,ICN,Asia Pacific,KR,Seoul,103
61.75.93.14,35222,443,True,ICN,Asia Pacific,KR,Seoul,103
121.163.24.128,15044,443,True,ICN,Asia Pacific,KR,Seoul,104
183.107.78.213,37022,443,True,ICN,Asia Pacific,KR,Seoul,104
221.164.244.223,12202,443,True,ICN,Asia Pacific,KR,Seoul,104
220.88.89.150,18090,443,True,ICN,Asia Pacific,KR,Seoul,104
220.118.153.222,12485,443,True,ICN,Asia Pacific,KR,Seoul,104
118.46.124.174,50003,443,True,ICN,Asia Pacific,KR,Seoul,104
221.145.212.88,12495,443,True,ICN,Asia Pacific,KR,Seoul,104
211.227.43.208,50008,443,True,ICN,Asia Pacific,KR,Seoul,104
175.205.86.108,19090,443,True,ICN,Asia Pacific,KR,Seoul,104
121.151.51.114,38080,443,True,ICN,Asia Pacific,KR,Seoul,104
175.201.177.119,50000,443,True,ICN,Asia Pacific,KR,Seoul,104
183.105.45.92,10106,443,True,ICN,Asia Pacific,KR,Seoul,104
59.2.10.155,50000,443,True,ICN,Asia Pacific,KR,Seoul,104
121.186.197.169,10023,443,True,ICN,Asia Pacific,KR,Seoul,104
14.55.252.89,12551,443,True,ICN,Asia Pacific,KR,Seoul,104
222.119.232.157,21321,443,True,ICN,Asia Pacific,KR,Seoul,105
221.165.212.251,14896,443,True,ICN,Asia Pacific,KR,Seoul,105
220.120.172.116,39922,443,True,ICN,Asia Pacific,KR,Seoul,105
121.135.67.72,39822,443,True,ICN,Asia Pacific,KR,Seoul,105
211.105.161.16,50000,443,True,ICN,Asia Pacific,KR,Seoul,105
121.129.110.160,12329,443,True,ICN,Asia Pacific,KR,Seoul,105
211.107.83.151,12128,443,True,ICN,Asia Pacific,KR,Seoul,106
121.156.155.161,12411,443,True,ICN,Asia Pacific,KR,Seoul,106
220.70.243.228,50000,443,True,ICN,Asia Pacific,KR,Seoul,106
220.126.97.37,16992,443,True,ICN,Asia Pacific,KR,Seoul,106
183.101.23.138,11182,443,True,ICN,Asia Pacific,KR,Seoul,106
175.214.121.119,50000,443,True,ICN,Asia Pacific,KR,Seoul,107
119.205.44.175,16005,443,True,ICN,Asia Pacific,KR,Seoul,107
175.205.119.253,38422,443,True,ICN,Asia Pacific,KR,Seoul,107
211.250.250.146,12338,443,True,ICN,Asia Pacific,KR,Seoul,107
220.125.255.182,38622,443,True,ICN,Asia Pacific,KR,Seoul,107
125.135.123.97,50000,443,True,ICN,Asia Pacific,KR,Seoul,107
221.167.32.89,12437,443,True,ICN,Asia Pacific,KR,Seoul,107
121.160.137.82,12338,443,True,ICN,Asia Pacific,KR,Seoul,107
211.217.164.84,21311,443,True,ICN,Asia Pacific,KR,Seoul,107
121.184.143.191,50001,443,True,ICN,Asia Pacific,KR,Seoul,107
121.140.246.223,50000,443,True,ICN,Asia Pacific,KR,Seoul,108
119.194.168.149,12496,443,True,ICN,Asia Pacific,KR,Seoul,108
59.23.25.143,21321,443,True,ICN,Asia Pacific,KR,Seoul,108
61.80.89.23,40005,80,False,ICN,Asia Pacific,KR,Seoul,108
183.108.176.121,50003,443,True,ICN,Asia Pacific,KR,Seoul,108
220.71.199.115,21312,443,True,ICN,Asia Pacific,KR,Seoul,108
220.122.202.79,12214,443,True,ICN,Asia Pacific,KR,Seoul,108
183.105.45.92,17775,443,True,ICN,Asia Pacific,KR,Seoul,109
121.129.110.160,14903,443,True,ICN,Asia Pacific,KR,Seoul,109
211.185.101.179,50000,443,True,ICN,Asia Pacific,KR,Seoul,109
211.115.146.127,50000,443,True,ICN,Asia Pacific,KR,Seoul,109
175.215.54.80,39822,443,True,ICN,Asia Pacific,KR,Seoul,109
118.39.62.91,10444,443,True,ICN,Asia Pacific,KR,Seoul,109
118.43.180.81,50003,443,True,ICN,Asia Pacific,KR,Seoul,110
14.42.55.33,12562,443,True,ICN,Asia Pacific,KR,Seoul,110
222.97.207.98,11443,443,True,ICN,Asia Pacific,KR,Seoul,110
220.76.142.231,31337,443,True,ICN,Asia Pacific,KR,Seoul,110
211.55.238.121,11112,443,True,ICN,Asia Pacific,KR,Seoul,110
220.76.132.167,16043,443,True,ICN,Asia Pacific,KR,Seoul,110
14.56.254.181,50000,443,True,ICN,Asia Pacific,KR,Seoul,110
175.201.168.246,39322,443,True,ICN,Asia Pacific,KR,Seoul,110
220.124.96.53,11000,443,True,ICN,Asia Pacific,KR,Seoul,110
220.120.172.116,22403,443,True,ICN,Asia Pacific,KR,Seoul,111
175.207.187.218,12247,443,True,ICN,Asia Pacific,KR,Seoul,111
14.43.147.54,11371,443,True,ICN,Asia Pacific,KR,Seoul,111
220.124.28.44,50000,443,True,ICN,Asia Pacific,KR,Seoul,111
121.130.41.237,12367,443,True,ICN,Asia Pacific,KR,Seoul,111
59.26.208.19,12212,443,True,ICN,Asia Pacific,KR,Seoul,111
121.132.58.142,12486,443,True,ICN,Asia Pacific,KR,Seoul,111
14.41.63.44,11027,443,True,ICN,Asia Pacific,KR,Seoul,111
211.34.164.17,50005,443,True,ICN,Asia Pacific,KR,Seoul,112
211.114.189.61,50000,443,True,ICN,Asia Pacific,KR,Seoul,112
118.34.245.40,10082,443,True,ICN,Asia Pacific,KR,Seoul,112
218.150.133.81,12407,443,True,ICN,Asia Pacific,KR,Seoul,112
221.161.207.216,50000,443,True,ICN,Asia Pacific,KR,Seoul,112
59.13.75.15,15082,443,True,ICN,Asia Pacific,KR,Seoul,112
121.180.199.21,12394,443,True,ICN,Asia Pacific,KR,Seoul,112
183.97.139.60,50000,443,True,ICN,Asia Pacific,KR,Seoul,112
203.232.127.82,50000,443,True,ICN,Asia Pacific,KR,Seoul,113
221.156.61.36,50000,443,True,ICN,Asia Pacific,KR,Seoul,113
121.180.184.145,50000,443,True,ICN,Asia Pacific,KR,Seoul,113
119.202.217.30,50000,443,True,ICN,Asia Pacific,KR,Seoul,113
121.170.249.21,12379,443,True,ICN,Asia Pacific,KR,Seoul,113
121.179.125.165,36122,443,True,ICN,Asia Pacific,KR,Seoul,113
121.174.143.49,12310,443,True,ICN,Asia Pacific,KR,Seoul,113
14.46.214.65,10205,443,True,ICN,Asia Pacific,KR,Seoul,113
211.104.80.91,13082,443,True,ICN,Asia Pacific,KR,Seoul,113
183.109.36.99,16992,443,True,ICN,Asia Pacific,KR,Seoul,113
211.55.238.121,16103,443,True,ICN,Asia Pacific,KR,Seoul,114
175.215.204.244,12337,443,True,ICN,Asia Pacific,KR,Seoul,114
61.72.208.162,16074,443,True,ICN,Asia Pacific,KR,Seoul,114
183.103.7.125,12286,443,True,ICN,Asia Pacific,KR,Seoul,114
121.171.82.130,50000,443,True,ICN,Asia Pacific,KR,Seoul,114
14.44.32.251,12528,443,True,ICN,Asia Pacific,KR,Seoul,115
115.23.163.214,12523,443,True,ICN,Asia Pacific,KR,Seoul,115
183.97.10.250,50000,443,True,ICN,Asia Pacific,KR,Seoul,115
121.167.146.253,12902,443,True,ICN,Asia Pacific,KR,Seoul,115
211.225.155.35,12446,443,True,ICN,Asia Pacific,KR,Seoul,115
118.34.162.30,12167,443,True,ICN,Asia Pacific,KR,Seoul,115
112.171.67.30,12130,443,True,ICN,Asia Pacific,KR,Seoul,115
183.108.91.204,12157,443,True,ICN,Asia Pacific,KR,Seoul,115
121.179.114.121,12292,443,True,ICN,Asia Pacific,KR,Seoul,116
121.128.161.235,18017,443,True,ICN,Asia Pacific,KR,Seoul,116
211.220.65.104,50000,443,True,ICN,Asia Pacific,KR,Seoul,116
221.156.180.102,12339,443,True,ICN,Asia Pacific,KR,Seoul,116
118.35.142.122,30050,443,True,ICN,Asia Pacific,KR,Seoul,116
121.177.37.10,50000,443,True,ICN,Asia Pacific,KR,Seoul,117
220.71.199.115,10008,443,True,ICN,Asia Pacific,KR,Seoul,117
183.96.50.164,10933,443,True,ICN,Asia Pacific,KR,Seoul,117
175.215.204.244,16077,443,True,ICN,Asia Pacific,KR,Seoul,117
14.45.175.186,34522,443,True,ICN,Asia Pacific,KR,Seoul,118
121.152.79.213,50000,443,True,ICN,Asia Pacific,KR,Seoul,118
175.208.25.75,12462,443,True,ICN,Asia Pacific,KR,Seoul,118
118.39.149.218,12146,443,True,ICN,Asia Pacific,KR,Seoul,118
220.78.4.3,12520,443,True,ICN,Asia Pacific,KR,Seoul,118
175.213.146.92,21311,443,True,ICN,Asia Pacific,KR,Seoul,118
221.152.7.191,12365,443,True,ICN,Asia Pacific,KR,Seoul,119
218.150.189.108,18096,443,True,ICN,Asia Pacific,KR,Seoul,119
220.83.230.102,50000,443,True,ICN,Asia Pacific,KR,Seoul,119
211.221.20.167,50000,443,True,ICN,Asia Pacific,KR,Seoul,119
218.150.231.4,12495,443,True,ICN,Asia Pacific,KR,Seoul,120
175.212.82.132,23184,443,True,ICN,Asia Pacific,KR,Seoul,120
121.163.24.128,12107,443,True,ICN,Asia Pacific,KR,Seoul,120
119.204.136.44,18042,443,True,ICN,Asia Pacific,KR,Seoul,120
112.185.201.25,11701,443,True,ICN,Asia Pacific,KR,Seoul,120
175.208.25.75,34422,443,True,ICN,Asia Pacific,KR,Seoul,120
121.155.61.102,23424,443,True,ICN,Asia Pacific,KR,Seoul,121
125.134.169.165,12221,443,True,ICN,Asia Pacific,KR,Seoul,121
119.205.164.77,40005,80,False,ICN,Asia Pacific,KR,Seoul,122
221.163.88.207,50000,443,True,ICN,Asia Pacific,KR,Seoul,122
210.101.111.224,50003,443,True,ICN,Asia Pacific,KR,Seoul,122
121.163.244.186,19222,443,True,ICN,Asia Pacific,KR,Seoul,123
175.212.82.132,11210,443,True,ICN,Asia Pacific,KR,Seoul,123
220.85.122.216,18888,443,True,ICN,Asia Pacific,KR,Seoul,123
175.203.70.157,50003,443,True,ICN,Asia Pacific,KR,Seoul,123
220.81.82.20,50000,443,True,ICN,Asia Pacific,KR,Seoul,123
121.135.81.139,50000,443,True,ICN,Asia Pacific,KR,Seoul,124
119.204.199.18,50000,443,True,ICN,Asia Pacific,KR,Seoul,124
218.159.222.216,12277,443,True,ICN,Asia Pacific,KR,Seoul,125
43.133.70.168,8443,8443,True,ICN,Asia Pacific,KR,Seoul,125
59.7.203.104,10393,443,True,ICN,Asia Pacific,KR,Seoul,125
211.199.127.208,12177,443,True,ICN,Asia Pacific,KR,Seoul,125
121.150.217.106,12541,443,True,ICN,Asia Pacific,KR,Seoul,126
14.39.43.121,16041,443,True,ICN,Asia Pacific,KR,Seoul,126
183.98.116.50,10205,443,True,ICN,Asia Pacific,KR,Seoul,127
14.43.188.154,50000,443,True,ICN,Asia Pacific,KR,Seoul,127
211.107.196.118,12497,443,True,ICN,Asia Pacific,KR,Seoul,128
119.206.222.114,12497,443,True,ICN,Asia Pacific,KR,Seoul,128
14.54.240.203,20443,443,True,ICN,Asia Pacific,KR,Seoul,129
14.58.79.70,18095,443,True,ICN,Asia Pacific,KR,Seoul,131
220.119.115.101,37443,443,True,ICN,Asia Pacific,KR,Seoul,131
121.132.58.142,12116,443,True,ICN,Asia Pacific,KR,Seoul,131
221.164.240.160,10002,443,True,ICN,Asia Pacific,KR,Seoul,131
118.34.162.30,16401,443,True,ICN,Asia Pacific,KR,Seoul,131
220.120.171.10,12384,443,True,ICN,Asia Pacific,KR,Seoul,132
112.185.79.204,12157,443,True,ICN,Asia Pacific,KR,Seoul,135
220.74.107.75,50000,443,True,ICN,Asia Pacific,KR,Seoul,135
112.160.98.132,10011,443,True,ICN,Asia Pacific,KR,Seoul,135
175.204.130.196,12506,443,True,ICN,Asia Pacific,KR,Seoul,136
59.24.214.9,50000,443,True,ICN,Asia Pacific,KR,Seoul,136
61.84.3.94,50000,443,True,ICN,Asia Pacific,KR,Seoul,136
211.224.150.141,50000,443,True,ICN,Asia Pacific,KR,Seoul,136
118.35.73.147,16102,443,True,ICN,Asia Pacific,KR,Seoul,136
8.220.245.218,587,443,True,ICN,Asia Pacific,KR,Seoul,136
14.51.80.94,12212,443,True,ICN,Asia Pacific,KR,Seoul,136
112.160.235.29,50000,443,True,ICN,Asia Pacific,KR,Seoul,136
183.105.151.175,14104,443,True,ICN,Asia Pacific,KR,Seoul,137
121.164.114.176,50000,443,True,ICN,Asia Pacific,KR,Seoul,138
118.45.9.162,16083,443,True,ICN,Asia Pacific,KR,Seoul,138
220.118.153.222,32001,443,True,ICN,Asia Pacific,KR,Seoul,139
121.132.58.142,16099,443,True,ICN,Asia Pacific,KR,Seoul,139
210.126.110.161,50003,443,True,ICN,Asia Pacific,KR,Seoul,139
112.186.163.26,17773,443,True,ICN,Asia Pacific,KR,Seoul,140
175.207.109.116,12505,443,True,ICN,Asia Pacific,KR,Seoul,140
118.41.181.140,12561,443,True,ICN,Asia Pacific,KR,Seoul,141
220.70.173.69,11000,443,True,ICN,Asia Pacific,KR,Seoul,142
119.194.131.80,12590,443,True,ICN,Asia Pacific,KR,Seoul,142
220.118.153.222,12427,443,True,ICN,Asia Pacific,KR,Seoul,142
175.195.223.247,50000,443,True,ICN,Asia Pacific,KR,Seoul,143
119.194.79.217,10022,443,True,ICN,Asia Pacific,KR,Seoul,143
168.126.205.5,50000,443,True,ICN,Asia Pacific,KR,Seoul,144
175.211.154.200,32522,443,True,ICN,Asia Pacific,KR,Seoul,144
59.21.141.132,20090,443,True,ICN,Asia Pacific,KR,Seoul,144
221.154.245.141,11112,443,True,ICN,Asia Pacific,KR,Seoul,145
121.165.115.93,50003,443,True,ICN,Asia Pacific,KR,Seoul,145
112.162.96.184,10015,443,True,ICN,Asia Pacific,KR,Seoul,145
59.29.187.217,18095,443,True,ICN,Asia Pacific,KR,Seoul,145
119.193.12.243,12308,443,True,ICN,Asia Pacific,KR,Seoul,146
112.173.70.40,50000,443,True,ICN,Asia Pacific,KR,Seoul,146
59.26.182.46,12104,443,True,ICN,Asia Pacific,KR,Seoul,147
121.187.253.143,50000,443,True,ICN,Asia Pacific,KR,Seoul,147
119.198.123.149,50000,443,True,ICN,Asia Pacific,KR,Seoul,149
121.132.58.142,17184,443,True,ICN,Asia Pacific,KR,Seoul,149
121.158.27.207,40005,80,False,ICN,Asia Pacific,KR,Seoul,150
210.126.67.51,18093,443,True,ICN,Asia Pacific,KR,Seoul,150
121.154.105.47,50000,443,True,ICN,Asia Pacific,KR,Seoul,151
119.203.228.108,16079,443,True,ICN,Asia Pacific,KR,Seoul,152
220.75.251.69,50000,443,True,ICN,Asia Pacific,KR,Seoul,153
121.182.173.72,10021,443,True,ICN,Asia Pacific,KR,Seoul,153
121.149.208.174,10001,443,True,ICN,Asia Pacific,KR,Seoul,154
175.208.183.136,50000,443,True,ICN,Asia Pacific,KR,Seoul,154
121.179.37.140,50000,443,True,ICN,Asia Pacific,KR,Seoul,154
211.230.142.157,40005,80,False,ICN,Asia Pacific,KR,Seoul,155
211.105.161.16,50003,443,True,ICN,Asia Pacific,KR,Seoul,156
121.150.217.106,16039,443,True,ICN,Asia Pacific,KR,Seoul,156
218.158.142.218,10037,443,True,ICN,Asia Pacific,KR,Seoul,157
121.183.156.194,50000,443,True,ICN,Asia Pacific,KR,Seoul,157
221.153.174.159,50000,443,True,ICN,Asia Pacific,KR,Seoul,157
121.181.132.45,12403,443,True,ICN,Asia Pacific,KR,Seoul,158
14.44.44.241,11111,443,True,ICN,Asia Pacific,KR,Seoul,158
118.40.150.219,17780,443,True,ICN,Asia Pacific,KR,Seoul,159
211.220.16.114,10051,443,True,ICN,Asia Pacific,KR,Seoul,160
220.73.70.34,50000,443,True,ICN,Asia Pacific,KR,Seoul,161
211.51.247.247,12000,443,True,ICN,Asia Pacific,KR,Seoul,161
14.56.203.111,50000,443,True,ICN,Asia Pacific,KR,Seoul,163
121.191.9.243,35559,443,True,ICN,Asia Pacific,KR,Seoul,164
222.118.119.243,30017,443,True,ICN,Asia Pacific,KR,Seoul,165
14.38.98.122,40005,80,False,ICN,Asia Pacific,KR,Seoul,165
211.194.201.60,25002,443,True,ICN,Asia Pacific,KR,Seoul,165
222.105.146.163,25105,443,True,ICN,Asia Pacific,KR,Seoul,165
220.122.114.61,35004,443,True,ICN,Asia Pacific,KR,Seoul,166
121.145.134.131,50000,443,True,ICN,Asia Pacific,KR,Seoul,167
121.188.230.88,18079,443,True,ICN,Asia Pacific,KR,Seoul,167
222.102.190.56,14825,443,True,ICN,Asia Pacific,KR,Seoul,170
125.132.233.47,50000,443,True,ICN,Asia Pacific,KR,Seoul,171
183.105.48.110,50000,443,True,ICN,Asia Pacific,KR,Seoul,172
211.51.176.6,50000,443,True,ICN,Asia Pacific,KR,Seoul,174
221.156.180.102,12441,443,True,ICN,Asia Pacific,KR,Seoul,174
221.167.0.110,50000,443,True,ICN,Asia Pacific,KR,Seoul,175
220.127.134.32,36222,443,True,ICN,Asia Pacific,KR,Seoul,177
119.205.15.124,35250,443,True,ICN,Asia Pacific,KR,Seoul,179
112.162.165.168,16082,443,True,ICN,Asia Pacific,KR,Seoul,180
112.184.13.231,39722,443,True,ICN,Asia Pacific,KR,Seoul,182
211.48.172.20,50000,443,True,ICN,Asia Pacific,KR,Seoul,183
222.108.169.121,25004,443,True,ICN,Asia Pacific,KR,Seoul,183
183.99.165.49,30006,443,True,ICN,Asia Pacific,KR,Seoul,184
220.94.166.175,30003,443,True,ICN,Asia Pacific,KR,Seoul,184
175.204.111.222,50000,443,True,ICN,Asia Pacific,KR,Seoul,184
119.196.189.185,15018,443,True,ICN,Asia Pacific,KR,Seoul,184
220.86.104.93,50000,443,True,ICN,Asia Pacific,KR,Seoul,185
221.166.204.244,21083,443,True,ICN,Asia Pacific,KR,Seoul,185
211.225.41.160,12129,443,True,ICN,Asia Pacific,KR,Seoul,185
121.140.147.37,50000,443,True,ICN,Asia Pacific,KR,Seoul,186
218.157.222.202,50000,443,True,ICN,Asia Pacific,KR,Seoul,186
121.154.98.2,50000,443,True,ICN,Asia Pacific,KR,Seoul,187
121.181.209.121,50000,443,True,ICN,Asia Pacific,KR,Seoul,187
118.37.1.230,12565,443,True,ICN,Asia Pacific,KR,Seoul,187
175.211.154.200,12213,443,True,ICN,Asia Pacific,KR,Seoul,187
14.35.82.154,10390,443,True,ICN,Asia Pacific,KR,Seoul,188
14.52.220.149,12334,443,True,ICN,Asia Pacific,KR,Seoul,189
61.72.62.61,18089,443,True,ICN,Asia Pacific,KR,Seoul,189
220.124.57.84,50000,443,True,ICN,Asia Pacific,KR,Seoul,190
121.177.13.220,21318,443,True,ICN,Asia Pacific,KR,Seoul,193
211.196.89.92,50000,443,True,ICN,Asia Pacific,KR,Seoul,193
121.186.253.219,12415,443,True,ICN,Asia Pacific,KR,Seoul,194
175.207.220.139,10909,443,True,ICN,Asia Pacific,KR,Seoul,195
221.155.75.112,12236,443,True,ICN,Asia Pacific,KR,Seoul,197
112.167.55.175,50000,443,True,ICN,Asia Pacific,KR,Seoul,197
121.146.145.43,12273,443,True,ICN,Asia Pacific,KR,Seoul,199
146.56.188.34,443,443,True,ICN,Asia Pacific,KR,Seoul,204
121.178.225.56,18112,443,True,ICN,Asia Pacific,KR,Seoul,211
121.177.222.9,50000,443,True,ICN,Asia Pacific,KR,Seoul,211
118.45.9.162,12406,443,True,ICN,Asia Pacific,KR,Seoul,211
221.152.184.109,10398,443,True,ICN,Asia Pacific,KR,Seoul,211
121.161.175.207,35122,443,True,ICN,Asia Pacific,KR,Seoul,212
121.132.24.233,50000,443,True,ICN,Asia Pacific,KR,Seoul,212
121.134.176.179,12547,443,True,ICN,Asia Pacific,KR,Seoul,212
14.43.147.54,12260,443,True,ICN,Asia Pacific,KR,Seoul,213
211.219.228.103,50004,443,True,ICN,Asia Pacific,KR,Seoul,213
121.178.51.126,50000,443,True,ICN,Asia Pacific,KR,Seoul,214
183.104.92.31,16047,443,True,ICN,Asia Pacific,KR,Seoul,214
121.150.78.50,10533,443,True,ICN,Asia Pacific,KR,Seoul,214
220.95.94.14,39922,443,True,ICN,Asia Pacific,KR,Seoul,215
121.156.223.249,10243,443,True,ICN,Asia Pacific,KR,Seoul,216
118.40.150.219,21291,443,True,ICN,Asia Pacific,KR,Seoul,216
175.201.168.246,12132,443,True,ICN,Asia Pacific,KR,Seoul,217
14.49.119.238,10028,443,True,ICN,Asia Pacific,KR,Seoul,218
211.224.47.1,11371,443,True,ICN,Asia Pacific,KR,Seoul,218
121.128.161.235,30010,443,True,ICN,Asia Pacific,KR,Seoul,220
125.136.152.137,12581,443,True,ICN,Asia Pacific,KR,Seoul,221
121.178.237.136,23023,443,True,ICN,Asia Pacific,KR,Seoul,222
124.80.65.153,12437,443,True,ICN,Asia Pacific,KR,Seoul,223
183.107.0.229,50000,443,True,ICN,Asia Pacific,KR,Seoul,223
211.197.155.29,12233,443,True,ICN,Asia Pacific,KR,Seoul,223
131.186.17.132,443,443,True,ICN,Asia Pacific,KR,Seoul,226
222.99.42.20,50000,443,True,ICN,Asia Pacific,KR,Seoul,227
121.150.141.193,50000,443,True,ICN,Asia Pacific,KR,Seoul,228
118.41.255.142,30002,443,True,ICN,Asia Pacific,KR,Seoul,229
183.96.147.185,40005,80,False,ICN,Asia Pacific,KR,Seoul,229
183.105.151.175,12511,443,True,ICN,Asia Pacific,KR,Seoul,231
14.52.26.97,40005,80,False,ICN,Asia Pacific,KR,Seoul,231
121.161.175.207,16076,443,True,ICN,Asia Pacific,KR,Seoul,231
61.80.73.120,50000,443,True,ICN,Asia Pacific,KR,Seoul,232
218.144.49.230,10037,443,True,ICN,Asia Pacific,KR,Seoul,233
112.168.104.94,50000,443,True,ICN,Asia Pacific,KR,Seoul,234
146.56.181.236,443,443,True,ICN,Asia Pacific,KR,Seoul,234
121.154.226.207,12523,443,True,ICN,Asia Pacific,KR,Seoul,235
220.94.153.192,16069,443,True,ICN,Asia Pacific,KR,Seoul,237
61.80.0.204,18092,443,True,ICN,Asia Pacific,KR,Seoul,237
112.162.27.11,12381,443,True,ICN,Asia Pacific,KR,Seoul,240
118.46.37.203,50000,443,True,ICN,Asia Pacific,KR,Seoul,244
121.174.140.80,50000,443,True,ICN,Asia Pacific,KR,Seoul,249
220.86.193.88,25006,443,True,ICN,Asia Pacific,KR,Seoul,252
125.130.43.83,12464,443,True,ICN,Asia Pacific,KR,Seoul,256
211.225.18.116,50000,443,True,ICN,Asia Pacific,KR,Seoul,256
121.186.197.169,30050,443,True,ICN,Asia Pacific,KR,Seoul,257
121.187.173.201,12203,443,True,ICN,Asia Pacific,KR,Seoul,258
211.225.26.93,12510,443,True,ICN,Asia Pacific,KR,Seoul,259
121.180.56.73,50000,443,True,ICN,Asia Pacific,KR,Seoul,260
121.131.107.242,21275,443,True,ICN,Asia Pacific,KR,Seoul,260
121.164.75.109,12174,443,True,ICN,Asia Pacific,KR,Seoul,260
175.205.86.108,11480,443,True,ICN,Asia Pacific,KR,Seoul,265
59.2.59.100,38922,443,True,ICN,Asia Pacific,KR,Seoul,267
118.45.9.162,18104,443,True,ICN,Asia Pacific,KR,Seoul,267
220.126.254.52,50002,443,True,ICN,Asia Pacific,KR,Seoul,267
175.201.177.119,40005,80,False,ICN,Asia Pacific,KR,Seoul,270
121.135.60.219,12327,443,True,ICN,Asia Pacific,KR,Seoul,272
218.144.49.230,12230,443,True,ICN,Asia Pacific,KR,Seoul,276
220.79.109.10,10240,443,True,ICN,Asia Pacific,KR,Seoul,276
183.102.218.139,12493,443,True,ICN,Asia Pacific,KR,Seoul,278
121.128.161.235,16073,443,True,ICN,Asia Pacific,KR,Seoul,278
61.81.154.113,12312,443,True,ICN,Asia Pacific,KR,Seoul,278
121.171.222.174,10533,443,True,ICN,Asia Pacific,KR,Seoul,278
59.25.146.251,16992,443,True,ICN,Asia Pacific,KR,Seoul,278
220.72.185.107,30003,443,True,ICN,Asia Pacific,KR,Seoul,281
183.105.119.214,50000,443,True,ICN,Asia Pacific,KR,Seoul,290
183.104.92.31,11084,443,True,ICN,Asia Pacific,KR,Seoul,292
121.184.155.212,12145,443,True,ICN,Asia Pacific,KR,Seoul,296
121.135.67.72,18009,443,True,ICN,Asia Pacific,KR,Seoul,298
121.157.255.220,50000,443,True,ICN,Asia Pacific,KR,Seoul,303
112.186.44.230,50000,443,True,ICN,Asia Pacific,KR,Seoul,307
175.199.174.127,50000,443,True,ICN,Asia Pacific,KR,Seoul,310
59.8.79.89,50000,443,True,ICN,Asia Pacific,KR,Seoul,311
220.127.134.32,20000,443,True,ICN,Asia Pacific,KR,Seoul,311
59.9.52.28,50000,443,True,ICN,Asia Pacific,KR,Seoul,312
211.216.126.146,12441,443,True,ICN,Asia Pacific,KR,Seoul,313
175.205.194.9,50000,443,True,ICN,Asia Pacific,KR,Seoul,315
112.173.202.207,50000,443,True,ICN,Asia Pacific,KR,Seoul,318
59.23.207.211,50000,443,True,ICN,Asia Pacific,KR,Seoul,319
220.84.213.25,21302,443,True,ICN,Asia Pacific,KR,Seoul,319
59.30.34.64,50000,443,True,ICN,Asia Pacific,KR,Seoul,319
221.166.163.61,21289,443,True,ICN,Asia Pacific,KR,Seoul,320
59.21.203.65,37522,443,True,ICN,Asia Pacific,KR,Seoul,321
121.181.118.220,50000,443,True,ICN,Asia Pacific,KR,Seoul,321
112.170.53.108,50000,443,True,ICN,Asia Pacific,KR,Seoul,322
175.214.162.251,50000,443,True,ICN,Asia Pacific,KR,Seoul,323
218.159.236.206,50000,443,True,ICN,Asia Pacific,KR,Seoul,327
128.134.248.33,50000,443,True,ICN,Asia Pacific,KR,Seoul,332
218.150.255.76,50000,443,True,ICN,Asia Pacific,KR,Seoul,332
211.105.138.237,12365,443,True,ICN,Asia Pacific,KR,Seoul,335
121.176.175.54,32444,443,True,ICN,Asia Pacific,KR,Seoul,340
222.102.234.116,15504,443,True,ICN,Asia Pacific,KR,Seoul,342
119.195.231.68,12143,443,True,ICN,Asia Pacific,KR,Seoul,342
121.188.230.88,11288,443,True,ICN,Asia Pacific,KR,Seoul,343
220.70.204.132,28015,443,True,ICN,Asia Pacific,KR,Seoul,359
119.205.79.175,12287,443,True,ICN,Asia Pacific,KR,Seoul,363
118.37.1.230,12544,443,True,ICN,Asia Pacific,KR,Seoul,365
118.33.118.200,12454,443,True,ICN,Asia Pacific,KR,Seoul,370
183.108.34.248,12534,443,True,ICN,Asia Pacific,KR,Seoul,372
211.199.127.208,16993,443,True,ICN,Asia Pacific,KR,Seoul,374
115.23.196.54,30083,443,True,ICN,Asia Pacific,KR,Seoul,375
175.215.175.175,50003,443,True,ICN,Asia Pacific,KR,Seoul,375
121.150.34.236,15044,443,True,ICN,Asia Pacific,KR,Seoul,375
118.47.223.244,12327,443,True,ICN,Asia Pacific,KR,Seoul,395
125.137.142.33,12580,80,False,ICN,Asia Pacific,KR,Seoul,443
59.8.178.67,50000,443,True,ICN,Asia Pacific,KR,Seoul,465
211.227.162.226,50000,443,True,ICN,Asia Pacific,KR,Seoul,479
118.47.43.14,25004,80,False,ICN,Asia Pacific,KR,Seoul,485
59.29.143.247,38722,443,True,ICN,Asia Pacific,KR,Seoul,668
59.2.198.250,50000,443,True,ICN,Asia Pacific,KR,Seoul,674
112.166.235.103,25003,80,False,ICN,Asia Pacific,KR,Seoul,873
211.230.142.157,50000,443,True,ICN,Asia Pacific,KR,Seoul,939
118.44.220.237,50000,443,True,ICN,Asia Pacific,KR,Seoul,981
118.42.188.118,37322,443,True,ICN,Asia Pacific,KR,Seoul,1064
221.157.12.225,21310,443,True,ICN,Asia Pacific,KR,Seoul,1064
112.162.70.172,50000,443,True,ICN,Asia Pacific,KR,Seoul,1143
40.74.68.200,8443,443,True,KIX,Asia Pacific,JP,Osaka,93
154.17.3.66,28909,443,True,KIX,Asia Pacific,JP,Osaka,156
150.230.62.103,443,8443,True,KIX,Asia Pacific,JP,Osaka,164
138.2.36.157,8443,443,True,KIX,Asia Pacific,JP,Osaka,168
217.142.236.93,443,443,True,KIX,Asia Pacific,JP,Osaka,169
64.110.101.31,8443,443,True,KIX,Asia Pacific,JP,Osaka,170
64.110.104.30,443,443,True,KIX,Asia Pacific,JP,Osaka,174
47.105.108.185,80,80,False,NRT,Asia Pacific,JP,Tokyo,46
8.140.56.136,80,80,False,NRT,Asia Pacific,JP,Tokyo,50
60.205.0.210,80,80,False,NRT,Asia Pacific,JP,Tokyo,53
3.112.21.102,443,443,True,NRT,Asia Pacific,JP,Tokyo,54
8.221.143.218,587,443,True,NRT,Asia Pacific,JP,Tokyo,55
20.243.85.49,10443,443,True,NRT,Asia Pacific,JP,Tokyo,57
139.129.25.209,80,80,False,NRT,Asia Pacific,JP,Tokyo,58
45.66.218.194,12959,443,True,NRT,Asia Pacific,JP,Tokyo,58
35.77.126.144,443,443,True,NRT,Asia Pacific,JP,Tokyo,58
176.119.150.174,10000,443,True,NRT,Asia Pacific,JP,Tokyo,59
52.197.230.94,443,443,True,NRT,Asia Pacific,JP,Tokyo,59
13.230.34.30,443,443,True,NRT,Asia Pacific,JP,Tokyo,60
18.176.8.247,443,443,True,NRT,Asia Pacific,JP,Tokyo,62
54.199.222.232,443,443,True,NRT,Asia Pacific,JP,Tokyo,62
43.163.219.136,443,443,True,NRT,Asia Pacific,JP,Tokyo,62
45.66.216.162,50000,443,True,NRT,Asia Pacific,JP,Tokyo,63
47.91.25.138,9530,443,True,NRT,Asia Pacific,JP,Tokyo,64
8.221.142.97,587,443,True,NRT,Asia Pacific,JP,Tokyo,67
185.184.223.47,443,443,True,NRT,Asia Pacific,JP,Tokyo,68
141.98.196.223,443,443,True,NRT,Asia Pacific,JP,Tokyo,71
54.248.121.219,443,443,True,NRT,Asia Pacific,JP,Tokyo,73
47.79.33.117,11101,443,True,NRT,Asia Pacific,JP,Tokyo,75
47.79.33.117,52311,443,True,NRT,Asia Pacific,JP,Tokyo,83
47.79.34.75,443,443,True,NRT,Asia Pacific,JP,Tokyo,85
103.76.128.117,18888,443,True,NRT,Asia Pacific,JP,Tokyo,87
149.62.44.233,41166,443,True,NRT,Asia Pacific,JP,Tokyo,88
47.79.35.89,443,443,True,NRT,Asia Pacific,JP,Tokyo,91
117.123.237.115,18059,443,True,KIX,Asia Pacific,JP,Osaka,91
117.123.237.115,12183,443,True,NRT,Asia Pacific,JP,Tokyo,104
124.80.43.124,10051,443,True,NRT,Asia Pacific,JP,Tokyo,107
152.70.101.24,16095,443,True,NRT,Asia Pacific,JP,Tokyo,120
152.70.101.24,16037,443,True,NRT,Asia Pacific,JP,Tokyo,120
117.123.237.115,30101,443,True,KIX,Asia Pacific,JP,Osaka,122
141.147.185.196,587,443,True,NRT,Asia Pacific,JP,Tokyo,123
152.70.101.24,16008,443,True,NRT,Asia Pacific,JP,Tokyo,126
154.31.113.72,443,443,True,NRT,Asia Pacific,JP,Tokyo,126
152.70.101.24,16072,443,True,NRT,Asia Pacific,JP,Tokyo,127
152.70.101.24,16090,443,True,NRT,Asia Pacific,JP,Tokyo,127
152.70.101.24,16401,443,True,NRT,Asia Pacific,JP,Tokyo,129
152.70.101.24,16016,443,True,NRT,Asia Pacific,JP,Tokyo,131
138.2.5.92,50010,443,True,NRT,Asia Pacific,JP,Tokyo,131
152.70.101.24,16004,443,True,NRT,Asia Pacific,JP,Tokyo,133
155.248.181.189,443,443,True,NRT,Asia Pacific,JP,Tokyo,137
152.70.101.24,16056,443,True,NRT,Asia Pacific,JP,Tokyo,137
152.70.101.24,16831,443,True,NRT,Asia Pacific,JP,Tokyo,137
43.167.169.111,8443,443,True,NRT,Asia Pacific,JP,Tokyo,138
152.70.101.24,16054,443,True,NRT,Asia Pacific,JP,Tokyo,138
152.70.101.24,16043,443,True,NRT,Asia Pacific,JP,Tokyo,139
152.70.101.24,16087,443,True,NRT,Asia Pacific,JP,Tokyo,140
138.2.18.82,8880,443,True,NRT,Asia Pacific,JP,Tokyo,141
152.70.101.24,16077,443,True,NRT,Asia Pacific,JP,Tokyo,142
138.2.0.134,444,443,True,NRT,Asia Pacific,JP,Tokyo,144
152.70.101.24,16404,443,True,NRT,Asia Pacific,JP,Tokyo,144
158.101.86.170,443,443,True,NRT,Asia Pacific,JP,Tokyo,145
132.145.114.230,12563,443,True,NRT,Asia Pacific,JP,Tokyo,153
155.248.184.178,30011,443,True,NRT,Asia Pacific,JP,Tokyo,154
82.163.16.229,26803,443,True,NRT,Asia Pacific,JP,Tokyo,156
150.230.204.21,10243,443,True,NRT,Asia Pacific,JP,Tokyo,156
152.70.101.24,16038,443,True,NRT,Asia Pacific,JP,Tokyo,157
152.70.101.24,16040,443,True,NRT,Asia Pacific,JP,Tokyo,170
38.180.29.115,443,443,True,NRT,Asia Pacific,JP,Tokyo,180
3.0.50.69,443,443,True,SIN,Asia Pacific,SG,Singapore,48
123.57.212.240,80,80,False,SIN,Asia Pacific,SG,Singapore,48
123.57.222.190,80,80,False,SIN,Asia Pacific,SG,Singapore,49
52.220.205.101,9997,443,True,SIN,Asia Pacific,SG,Singapore,49
54.169.229.188,443,443,True,SIN,Asia Pacific,SG,Singapore,49
54.251.227.43,443,443,True,SIN,Asia Pacific,SG,Singapore,50
150.109.94.144,8900,443,True,SIN,Asia Pacific,SG,Singapore,50
13.250.131.37,443,443,True,SIN,Asia Pacific,SG,Singapore,50
13.229.72.179,42235,443,True,SIN,Asia Pacific,SG,Singapore,50
13.250.38.94,443,443,True,SIN,Asia Pacific,SG,Singapore,50
13.228.142.218,443,443,True,SIN,Asia Pacific,SG,Singapore,51
13.229.159.215,443,443,True,SIN,Asia Pacific,SG,Singapore,53
52.77.97.162,443,443,True,SIN,Asia Pacific,SG,Singapore,53
3.1.116.161,2053,443,True,SIN,Asia Pacific,SG,Singapore,53
43.156.253.94,443,443,True,SIN,Asia Pacific,SG,Singapore,53
52.76.110.129,20001,443,True,SIN,Asia Pacific,SG,Singapore,54
52.187.74.27,2222,2087,True,SIN,Asia Pacific,SG,Singapore,56
52.163.98.70,587,443,True,SIN,Asia Pacific,SG,Singapore,56
3.0.160.105,443,443,True,SIN,Asia Pacific,SG,Singapore,56
13.228.155.72,443,443,True,SIN,Asia Pacific,SG,Singapore,59
43.216.228.247,443,443,True,SIN,Asia Pacific,SG,Singapore,61
8.222.234.182,587,443,True,SIN,Asia Pacific,SG,Singapore,185
8.219.74.3,443,443,True,SIN,Asia Pacific,SG,Singapore,187
8.219.119.129,443,443,True,SIN,Asia Pacific,SG,Singapore,190
47.236.80.212,587,443,True,SIN,Asia Pacific,SG,Singapore,191
8.219.223.95,443,443,True,SIN,Asia Pacific,SG,Singapore,194
8.222.206.187,443,443,True,SIN,Asia Pacific,SG,Singapore,194
8.219.0.162,443,443,True,SIN,Asia Pacific,SG,Singapore,194
47.236.16.240,443,443,True,SIN,Asia Pacific,SG,Singapore,197
8.222.178.214,6666,443,True,SIN,Asia Pacific,SG,Singapore,198
47.236.252.30,587,443,True,SIN,Asia Pacific,SG,Singapore,199
8.222.255.194,443,443,True,SIN,Asia Pacific,SG,Singapore,201
144.24.77.78,443,443,True,SIN,Asia Pacific,SG,Singapore,234
158.180.83.24,443,443,True,SIN,Asia Pacific,SG,Singapore,234
144.24.95.183,443,443,True,SIN,Asia Pacific,SG,Singapore,234
158.180.82.56,443,443,True,SIN,Asia Pacific,SG,Singapore,236
144.24.73.253,443,443,True,SIN,Asia Pacific,SG,Singapore,236
129.154.54.89,443,443,True,SIN,Asia Pacific,SG,Singapore,237
134.185.105.123,443,443,True,SIN,Asia Pacific,SG,Singapore,237
158.179.176.219,443,443,True,SIN,Asia Pacific,SG,Singapore,240
132.226.13.201,443,443,True,SIN,Asia Pacific,SG,Singapore,241
158.179.180.45,443,443,True,SIN,Asia Pacific,SG,Singapore,243
150.230.105.241,443,443,True,SIN,Asia Pacific,SG,Singapore,248
193.122.114.226,443,443,True,SIN,Asia Pacific,SG,Singapore,269
152.70.245.24,443,443,True,SIN,Asia Pacific,SG,Singapore,271
193.123.254.237,443,443,True,SIN,Asia Pacific,SG,Singapore,274
193.122.119.248,443,443,True,SIN,Asia Pacific,SG,Singapore,275
152.70.91.204,443,443,True,SIN,Asia Pacific,SG,Singapore,314
47.76.89.195,48222,443,True,TPE,Asia Pacific,TW,Taipei,10
47.239.84.123,587,443,True,SJC,North America,US,San Jose,11
35.194.221.130,12276,443,True,TPE,Asia Pacific,TW,Taipei,58
37.128.252.113,31141,443,True,TPE,Asia Pacific,TW,Taipei,159
83.147.13.199,80,80,False,TPE,Asia Pacific,TW,Taipei,187
